Time,HOT WATER LOOP:ZONE SUPERMARKET BAKERY A  - STORY GROUND PSZ-AC WATER HTG COIL:Design Water Volume Flow Rate [m3/s],HOT WATER LOOP:ZONE SUPERMARKET BAKERY B  - STORY GROUND PSZ-AC WATER HTG COIL:Design Water Volume Flow Rate [m3/s],HOT WATER LOOP:ZONE SUPERMARKET BAKERY C  - STORY GROUND PSZ-AC WATER HTG COIL:Design Water Volume Flow Rate [m3/s],HOT WATER LOOP:ZONE SUPERMARKET CORRIDOR A  - STORY GROUND PSZ-AC WATER HTG COIL:Design Water Volume Flow Rate [m3/s],HOT WATER LOOP:ZONE SUPERMARKET CORRIDOR B  - STORY GROUND PSZ-AC WATER HTG COIL:Design Water Volume Flow Rate [m3/s],HOT WATER LOOP:ZONE SUPERMARKET CORRIDOR C  - STORY GROUND PSZ-AC WATER HTG COIL:Design Water Volume Flow Rate [m3/s],HOT WATER LOOP:ZONE SUPERMARKET DELI A  - STORY GROUND PSZ-AC WATER HTG COIL:Design Water Volume Flow Rate [m3/s],HOT WATER LOOP:ZONE SUPERMARKET DELI B  - STORY GROUND PSZ-AC WATER HTG COIL:Design Water Volume Flow Rate [m3/s],HOT WATER LOOP:ZONE SUPERMARKET DELI C  - STORY GROUND PSZ-AC WATER HTG COIL:Design Water Volume Flow Rate [m3/s],HOT WATER LOOP:ZONE SUPERMARKET DINING A  - STORY GROUND PSZ-AC WATER HTG COIL:Design Water Volume Flow Rate [m3/s],HOT WATER LOOP:ZONE SUPERMARKET DINING B  - STORY GROUND PSZ-AC WATER HTG COIL:Design Water Volume Flow Rate [m3/s],HOT WATER LOOP:ZONE SUPERMARKET DINING C  - STORY GROUND PSZ-AC WATER HTG COIL:Design Water Volume Flow Rate [m3/s],HOT WATER LOOP:ZONE SUPERMARKET DRYSTORAGE A  - STORY GROUND PSZ-AC WATER HTG COIL:Design Water Volume Flow Rate [m3/s],HOT WATER LOOP:ZONE SUPERMARKET DRYSTORAGE B  - STORY GROUND PSZ-AC WATER HTG COIL:Design Water Volume Flow Rate [m3/s],HOT WATER LOOP:ZONE SUPERMARKET DRYSTORAGE C  - STORY GROUND PSZ-AC WATER HTG COIL:Design Water Volume Flow Rate [m3/s],HOT WATER LOOP:ZONE SUPERMARKET ELEC/MECHROOM A  - STORY GROUND PSZ-AC WATER HTG COIL:Design Water Volume Flow Rate [m3/s],HOT WATER LOOP:ZONE SUPERMARKET ELEC/MECHROOM B  - STORY GROUND PSZ-AC WATER HTG COIL:Design Water Volume Flow Rate [m3/s],HOT WATER LOOP:ZONE SUPERMARKET ELEC/MECHROOM C  - STORY GROUND PSZ-AC WATER HTG COIL:Design Water Volume Flow Rate [m3/s],HOT WATER LOOP:ZONE SUPERMARKET MEETING A  - STORY GROUND PSZ-AC WATER HTG COIL:Design Water Volume Flow Rate [m3/s],HOT WATER LOOP:ZONE SUPERMARKET MEETING B  - STORY GROUND PSZ-AC WATER HTG COIL:Design Water Volume Flow Rate [m3/s],HOT WATER LOOP:ZONE SUPERMARKET MEETING C  - STORY GROUND PSZ-AC WATER HTG COIL:Design Water Volume Flow Rate [m3/s],HOT WATER LOOP:ZONE SUPERMARKET OFFICE A  - STORY GROUND PSZ-AC WATER HTG COIL:Design Water Volume Flow Rate [m3/s],HOT WATER LOOP:ZONE SUPERMARKET OFFICE B  - STORY GROUND PSZ-AC WATER HTG COIL:Design Water Volume Flow Rate [m3/s],HOT WATER LOOP:ZONE SUPERMARKET OFFICE C  - STORY GROUND PSZ-AC WATER HTG COIL:Design Water Volume Flow Rate [m3/s],HOT WATER LOOP:ZONE SUPERMARKET PRODUCE A  - STORY GROUND PSZ-AC WATER HTG COIL:Design Water Volume Flow Rate [m3/s],HOT WATER LOOP:ZONE SUPERMARKET PRODUCE A END_B - STORY GROUND PSZ-AC WATER HTG COIL:Design Water Volume Flow Rate [m3/s],HOT WATER LOOP:ZONE SUPERMARKET PRODUCE B  - STORY GROUND PSZ-AC WATER HTG COIL:Design Water Volume Flow Rate [m3/s],HOT WATER LOOP:ZONE SUPERMARKET PRODUCE B END_B - STORY GROUND PSZ-AC WATER HTG COIL:Design Water Volume Flow Rate [m3/s],HOT WATER LOOP:ZONE SUPERMARKET PRODUCE C  - STORY GROUND PSZ-AC WATER HTG COIL:Design Water Volume Flow Rate [m3/s],HOT WATER LOOP:ZONE SUPERMARKET PRODUCE C END_B - STORY GROUND PSZ-AC WATER HTG COIL:Design Water Volume Flow Rate [m3/s],HOT WATER LOOP:ZONE SUPERMARKET RESTROOM A  - STORY GROUND PSZ-AC WATER HTG COIL:Design Water Volume Flow Rate [m3/s],HOT WATER LOOP:ZONE SUPERMARKET RESTROOM B  - STORY GROUND PSZ-AC WATER HTG COIL:Design Water Volume Flow Rate [m3/s],HOT WATER LOOP:ZONE SUPERMARKET RESTROOM C  - STORY GROUND PSZ-AC WATER HTG COIL:Design Water Volume Flow Rate [m3/s],HOT WATER LOOP:ZONE SUPERMARKET SALES A  - STORY GROUND PSZ-AC WATER HTG COIL:Design Water Volume Flow Rate [m3/s],HOT WATER LOOP:ZONE SUPERMARKET SALES A END_A - STORY GROUND PSZ-AC WATER HTG COIL:Design Water Volume Flow Rate [m3/s],HOT WATER LOOP:ZONE SUPERMARKET SALES B  - STORY GROUND PSZ-AC WATER HTG COIL:Design Water Volume Flow Rate [m3/s],HOT WATER LOOP:ZONE SUPERMARKET SALES B END_A - STORY GROUND PSZ-AC WATER HTG COIL:Design Water Volume Flow Rate [m3/s],HOT WATER LOOP:ZONE SUPERMARKET SALES C  - STORY GROUND PSZ-AC WATER HTG COIL:Design Water Volume Flow Rate [m3/s],HOT WATER LOOP:ZONE SUPERMARKET SALES C END_A - STORY GROUND PSZ-AC WATER HTG COIL:Design Water Volume Flow Rate [m3/s],HOT WATER LOOP:ZONE SUPERMARKET VESTIBULE A  - STORY GROUND PSZ-AC WATER HTG COIL:Design Water Volume Flow Rate [m3/s],HOT WATER LOOP:ZONE SUPERMARKET VESTIBULE B  - STORY GROUND PSZ-AC WATER HTG COIL:Design Water Volume Flow Rate [m3/s],HOT WATER LOOP:ZONE SUPERMARKET VESTIBULE C  - STORY GROUND PSZ-AC WATER HTG COIL:Design Water Volume Flow Rate [m3/s]
00:10:00,9.343256E-05,5.593158E-04,7.907443E-05,1.053880E-06,1.051441E-05,1.053848E-06,1.128263E-04,6.944666E-04,9.665438E-05,4.777682E-05,4.913159E-04,4.432836E-05,1.430011E-04,6.531009E-04,1.197775E-04,1.060005E-06,0.000000E+00,1.081680E-06,6.048992E-06,8.396271E-05,6.048101E-06,8.501384E-07,8.483411E-06,8.501033E-07,1.818219E-04,1.320371E-04,9.902247E-04,9.109774E-04,1.524243E-04,1.171816E-04,5.188537E-05,4.608129E-04,4.826780E-05,9.240018E-04,1.604109E-04,3.493350E-03,1.189804E-03,8.002009E-04,1.508108E-04,1.243824E-06,1.187479E-05,1.243824E-06
00:20:00,9.348731E-05,5.593158E-04,7.912078E-05,1.258905E-06,1.051441E-05,1.280362E-06,1.128228E-04,6.944666E-04,9.665152E-05,4.863236E-05,4.913159E-04,4.512161E-05,1.429914E-04,6.529324E-04,1.197695E-04,1.465779E-06,0.000000E+00,1.491126E-06,6.048992E-06,8.396271E-05,6.048101E-06,8.501384E-07,8.483411E-06,8.501033E-07,1.818106E-04,1.320355E-04,9.899087E-04,9.109115E-04,1.524150E-04,1.171803E-04,5.188537E-05,4.608129E-04,4.826780E-05,9.242363E-04,1.604112E-04,3.493183E-03,1.189718E-03,8.004045E-04,1.508111E-04,1.243824E-06,1.187479E-05,1.243824E-06
00:30:00,9.354287E-05,5.593158E-04,7.916781E-05,1.728757E-06,1.051441E-05,1.753710E-06,1.128196E-04,6.944666E-04,9.664879E-05,4.946811E-05,4.913159E-04,4.589623E-05,1.429814E-04,6.527646E-04,1.197612E-04,1.872349E-06,0.000000E+00,1.894738E-06,6.048992E-06,8.396271E-05,6.048101E-06,8.501384E-07,8.483411E-06,8.501033E-07,1.817989E-04,1.320335E-04,9.895932E-04,9.108435E-04,1.524053E-04,1.171785E-04,5.188537E-05,4.608129E-04,4.826780E-05,9.244421E-04,1.604108E-04,3.492958E-03,1.189629E-03,8.005831E-04,1.508109E-04,1.243824E-06,1.187479E-05,1.243824E-06
00:40:00,9.359821E-05,5.593158E-04,7.921463E-05,2.183782E-06,1.051441E-05,2.205720E-06,1.128165E-04,6.944666E-04,9.664619E-05,5.027477E-05,4.913159E-04,4.664359E-05,1.429712E-04,6.525975E-04,1.197527E-04,2.209775E-06,0.000000E+00,2.232737E-06,6.048992E-06,8.396271E-05,6.048101E-06,8.501384E-07,8.483411E-06,8.501033E-07,1.817868E-04,1.320311E-04,9.892785E-04,9.107743E-04,1.523953E-04,1.171764E-04,5.188537E-05,4.608129E-04,4.826780E-05,9.246204E-04,1.604100E-04,3.492683E-03,1.189539E-03,8.007377E-04,1.508102E-04,1.243824E-06,1.187479E-05,1.243824E-06
00:50:00,9.365240E-05,5.593158E-04,7.926047E-05,2.566335E-06,1.051441E-05,2.588610E-06,1.128135E-04,6.944666E-04,9.664373E-05,5.104418E-05,4.913159E-04,4.735615E-05,1.429609E-04,6.524313E-04,1.197441E-04,2.520608E-06,0.000000E+00,2.542251E-06,6.048992E-06,8.396271E-05,6.048101E-06,8.981815E-07,8.483411E-06,9.155370E-07,1.817746E-04,1.320284E-04,9.889649E-04,9.107043E-04,1.523851E-04,1.171741E-04,5.188537E-05,4.608129E-04,4.826780E-05,9.247724E-04,1.604088E-04,3.492362E-03,1.189447E-03,8.008696E-04,1.508091E-04,1.243824E-06,1.187479E-05,1.243824E-06
01:00:00,9.370473E-05,5.593158E-04,7.930472E-05,2.912556E-06,1.051441E-05,2.933378E-06,1.128107E-04,6.944666E-04,9.664138E-05,5.177035E-05,4.913159E-04,4.802839E-05,1.429504E-04,6.522661E-04,1.197355E-04,2.784219E-06,0.000000E+00,2.805122E-06,6.048992E-06,8.396271E-05,6.048101E-06,1.048591E-06,8.483411E-06,1.066169E-06,1.817622E-04,1.320256E-04,9.886525E-04,9.106339E-04,1.523748E-04,1.171716E-04,5.188537E-05,4.608129E-04,4.826780E-05,9.248997E-04,1.604073E-04,3.492002E-03,1.189355E-03,8.009799E-04,1.508078E-04,1.243824E-06,1.187479E-05,1.243824E-06
01:10:00,9.376092E-05,5.593158E-04,7.935218E-05,3.207129E-06,1.051441E-05,3.227092E-06,1.128165E-04,6.944666E-04,9.664637E-05,5.245332E-05,4.913159E-04,4.866047E-05,1.429521E-04,6.522806E-04,1.197369E-04,3.014881E-06,0.000000E+00,3.035216E-06,6.048992E-06,8.396271E-05,6.048101E-06,1.181327E-06,8.483411E-06,1.198182E-06,1.817641E-04,1.320265E-04,9.886787E-04,9.106426E-04,1.523764E-04,1.171725E-04,5.188537E-05,4.608129E-04,4.826780E-05,9.251042E-04,1.604110E-04,3.492675E-03,1.189388E-03,8.011564E-04,1.508112E-04,1.243824E-06,1.187479E-05,1.243824E-06
01:20:00,9.381436E-05,5.593158E-04,7.939730E-05,3.463951E-06,1.051441E-05,3.483208E-06,1.128223E-04,6.944666E-04,9.665134E-05,5.308981E-05,4.913159E-04,4.924945E-05,1.429537E-04,6.522950E-04,1.197382E-04,3.217878E-06,0.000000E+00,3.237715E-06,6.048992E-06,8.396271E-05,6.048101E-06,1.298786E-06,8.483411E-06,1.315258E-06,1.817658E-04,1.320274E-04,9.887041E-04,9.106506E-04,1.523778E-04,1.171732E-04,5.188537E-05,4.608129E-04,4.826780E-05,9.252884E-04,1.604144E-04,3.493315E-03,1.189420E-03,8.013154E-04,1.508144E-04,1.243824E-06,1.187479E-05,1.243824E-06
01:30:00,9.386484E-05,5.593158E-04,7.943993E-05,3.689536E-06,1.051441E-05,3.708208E-06,1.128281E-04,6.944666E-04,9.665626E-05,5.368143E-05,4.913159E-04,4.979688E-05,1.429551E-04,6.523093E-04,1.197394E-04,3.397495E-06,0.000000E+00,3.417048E-06,6.048992E-06,8.396271E-05,6.048101E-06,1.403951E-06,8.483411E-06,1.420079E-06,1.817674E-04,1.320281E-04,9.887288E-04,9.106581E-04,1.523792E-04,1.171739E-04,5.188537E-05,4.608129E-04,4.826780E-05,9.254551E-04,1.604176E-04,3.493931E-03,1.189451E-03,8.014592E-04,1.508174E-04,1.243824E-06,1.187479E-05,1.243824E-06
01:40:00,9.391231E-05,5.593158E-04,7.948000E-05,3.889163E-06,1.051441E-05,3.907369E-06,1.128338E-04,6.944666E-04,9.666111E-05,5.423053E-05,4.913159E-04,5.030493E-05,1.429565E-04,6.523234E-04,1.197406E-04,3.557502E-06,0.000000E+00,3.576738E-06,6.048992E-06,8.396271E-05,6.048101E-06,1.498512E-06,8.483411E-06,1.514348E-06,1.817689E-04,1.320288E-04,9.887530E-04,9.106652E-04,1.523804E-04,1.171744E-04,5.188537E-05,4.608129E-04,4.826780E-05,9.256065E-04,1.604205E-04,3.494522E-03,1.189480E-03,8.015899E-04,1.508201E-04,1.243824E-06,1.187479E-05,1.243824E-06
01:50:00,9.395683E-05,5.593158E-04,7.951758E-05,4.066307E-06,1.051441E-05,4.084054E-06,1.128393E-04,6.944666E-04,9.666585E-05,5.474011E-05,4.913159E-04,5.077640E-05,1.429579E-04,6.523375E-04,1.197417E-04,3.700915E-06,0.000000E+00,3.719874E-06,6.048992E-06,8.396271E-05,6.048101E-06,1.584060E-06,8.483411E-06,1.599643E-06,1.817703E-04,1.320293E-04,9.887766E-04,9.106719E-04,1.523816E-04,1.171749E-04,5.188537E-05,4.608129E-04,4.826780E-05,9.257450E-04,1.604231E-04,3.495093E-03,1.189508E-03,8.017094E-04,1.508226E-04,1.243824E-06,1.187479E-05,1.243824E-06
02:00:00,9.399846E-05,5.593158E-04,7.955272E-05,4.224355E-06,1.051441E-05,4.241713E-06,1.128448E-04,6.944666E-04,9.667048E-05,5.521285E-05,4.913159E-04,5.121378E-05,1.429592E-04,6.523514E-04,1.197428E-04,3.830235E-06,0.000000E+00,3.848966E-06,6.048992E-06,8.396271E-05,6.048101E-06,1.661834E-06,8.483411E-06,1.677196E-06,1.817716E-04,1.320299E-04,9.887997E-04,9.106784E-04,1.523827E-04,1.171754E-04,5.188537E-05,4.608129E-04,4.826780E-05,9.258722E-04,1.604256E-04,3.495645E-03,1.189535E-03,8.018192E-04,1.508249E-04,1.243824E-06,1.187479E-05,1.243824E-06
02:10:00,9.403733E-05,5.593158E-04,7.958552E-05,4.366013E-06,1.051441E-05,4.383035E-06,1.128500E-04,6.944666E-04,9.667498E-05,5.565133E-05,4.913159E-04,5.161946E-05,1.429604E-04,6.523654E-04,1.197438E-04,3.947500E-06,0.000000E+00,3.965982E-06,6.048992E-06,8.396271E-05,6.048101E-06,1.732844E-06,8.483411E-06,1.748011E-06,1.817729E-04,1.320303E-04,9.888225E-04,9.106846E-04,1.523837E-04,1.171758E-04,5.188537E-05,4.608129E-04,4.826780E-05,9.259898E-04,1.604279E-04,3.496179E-03,1.189561E-03,8.019207E-04,1.508271E-04,1.243824E-06,1.187479E-05,1.243824E-06
02:20:00,9.407357E-05,5.593158E-04,7.961611E-05,4.493633E-06,1.051441E-05,4.510362E-06,1.128551E-04,6.944666E-04,9.667933E-05,5.605811E-05,4.913159E-04,5.199581E-05,1.429616E-04,6.523792E-04,1.197448E-04,4.053906E-06,0.000000E+00,4.072190E-06,6.048992E-06,8.396271E-05,6.048101E-06,1.797935E-06,8.483411E-06,1.812929E-06,1.817741E-04,1.320308E-04,9.888450E-04,9.106907E-04,1.523847E-04,1.171762E-04,5.188537E-05,4.608129E-04,4.826780E-05,9.260988E-04,1.604301E-04,3.496691E-03,1.189587E-03,8.020149E-04,1.508291E-04,1.243824E-06,1.187479E-05,1.243824E-06
02:30:00,9.410735E-05,5.593158E-04,7.964462E-05,4.609192E-06,1.051441E-05,4.625666E-06,1.128600E-04,6.944666E-04,9.668352E-05,5.643564E-05,4.913159E-04,5.234509E-05,1.429628E-04,6.523930E-04,1.197458E-04,4.150966E-06,0.000000E+00,4.169072E-06,6.048992E-06,8.396271E-05,6.048101E-06,1.857816E-06,8.483411E-06,1.872656E-06,1.817752E-04,1.320312E-04,9.888672E-04,9.106965E-04,1.523857E-04,1.171766E-04,5.188537E-05,4.608129E-04,4.826780E-05,9.262005E-04,1.604321E-04,3.497174E-03,1.189611E-03,8.021026E-04,1.508310E-04,1.243824E-06,1.187479E-05,1.243824E-06
02:40:00,9.413884E-05,5.593158E-04,7.967119E-05,4.714352E-06,1.051441E-05,4.730603E-06,1.128648E-04,6.944666E-04,9.668756E-05,5.678627E-05,4.913159E-04,5.266949E-05,1.429639E-04,6.524067E-04,1.197468E-04,4.239888E-06,0.000000E+00,4.257838E-06,6.048992E-06,8.396271E-05,6.048101E-06,1.913085E-06,8.483411E-06,1.927787E-06,1.817763E-04,1.320316E-04,9.888891E-04,9.107023E-04,1.523866E-04,1.171769E-04,5.188537E-05,4.608129E-04,4.826780E-05,9.262957E-04,1.604340E-04,3.497631E-03,1.189635E-03,8.021849E-04,1.508328E-04,1.243824E-06,1.187479E-05,1.243824E-06
02:50:00,9.416820E-05,5.593158E-04,7.969597E-05,4.810514E-06,1.051441E-05,4.826567E-06,1.128693E-04,6.944666E-04,9.669144E-05,5.711220E-05,4.913159E-04,5.297104E-05,1.429651E-04,6.524203E-04,1.197477E-04,4.321725E-06,0.000000E+00,4.339536E-06,6.048992E-06,8.396271E-05,6.048101E-06,1.964249E-06,8.483411E-06,1.978825E-06,1.817774E-04,1.320320E-04,9.889107E-04,9.107079E-04,1.523875E-04,1.171772E-04,5.188537E-05,4.608129E-04,4.826780E-05,9.263852E-04,1.604358E-04,3.498064E-03,1.189658E-03,8.022621E-04,1.508345E-04,1.243824E-06,1.187479E-05,1.243824E-06
03:00:00,9.419562E-05,5.593158E-04,7.971910E-05,4.898860E-06,1.051441E-05,4.914738E-06,1.128737E-04,6.944666E-04,9.669516E-05,5.741550E-05,4.913159E-04,5.325165E-05,1.429662E-04,6.524338E-04,1.197486E-04,4.397370E-06,0.000000E+00,4.415058E-06,6.048992E-06,8.396271E-05,6.048101E-06,2.011745E-06,8.483411E-06,2.026206E-06,1.817785E-04,1.320323E-04,9.889321E-04,9.107135E-04,1.523884E-04,1.171776E-04,5.188537E-05,4.608129E-04,4.826780E-05,9.264697E-04,1.604375E-04,3.498476E-03,1.189681E-03,8.023350E-04,1.508361E-04,1.243824E-06,1.187479E-05,1.243824E-06
03:10:00,9.422123E-05,5.593158E-04,7.974072E-05,4.980390E-06,1.051441E-05,4.996113E-06,1.128778E-04,6.944666E-04,9.669872E-05,5.769806E-05,4.913159E-04,5.351309E-05,1.429673E-04,6.524473E-04,1.197495E-04,4.467585E-06,0.000000E+00,4.485165E-06,6.048992E-06,8.396271E-05,6.048101E-06,2.055945E-06,8.483411E-06,2.070302E-06,1.817795E-04,1.320327E-04,9.889533E-04,9.107189E-04,1.523893E-04,1.171779E-04,5.188537E-05,4.608129E-04,4.826780E-05,9.265496E-04,1.604392E-04,3.498871E-03,1.189703E-03,8.024041E-04,1.508376E-04,1.243824E-06,1.187479E-05,1.243824E-06
03:20:00,9.424522E-05,5.593158E-04,7.976096E-05,5.055956E-06,1.051441E-05,5.071539E-06,1.128818E-04,6.944666E-04,9.670214E-05,5.796167E-05,4.913159E-04,5.375699E-05,1.429683E-04,6.524607E-04,1.197504E-04,4.533026E-06,0.000000E+00,4.550508E-06,6.048992E-06,8.396271E-05,6.048101E-06,2.097176E-06,8.483411E-06,2.111436E-06,1.817806E-04,1.320330E-04,9.889743E-04,9.107243E-04,1.523901E-04,1.171782E-04,5.188537E-05,4.608129E-04,4.826780E-05,9.266255E-04,1.604407E-04,3.499261E-03,1.189725E-03,8.024696E-04,1.508390E-04,1.243824E-06,1.187479E-05,1.243824E-06
03:30:00,9.426771E-05,5.593158E-04,7.977994E-05,5.126279E-06,1.051441E-05,5.141736E-06,1.128857E-04,6.944666E-04,9.670541E-05,5.820792E-05,4.913159E-04,5.398485E-05,1.429694E-04,6.524740E-04,1.197513E-04,4.594252E-06,0.000000E+00,4.611646E-06,6.048992E-06,8.396271E-05,6.048101E-06,2.135720E-06,8.483411E-06,2.149891E-06,1.817816E-04,1.320333E-04,9.889951E-04,9.107295E-04,1.523910E-04,1.171784E-04,5.188537E-05,4.608129E-04,4.826780E-05,9.266978E-04,1.604422E-04,3.499655E-03,1.189746E-03,8.025320E-04,1.508404E-04,1.243824E-06,1.187479E-05,1.243824E-06
03:40:00,9.428885E-05,5.593158E-04,7.979778E-05,5.191977E-06,1.051441E-05,5.207320E-06,1.128894E-04,6.944666E-04,9.670854E-05,5.843832E-05,4.913159E-04,5.419804E-05,1.429704E-04,6.524871E-04,1.197521E-04,4.651745E-06,0.000000E+00,4.669061E-06,6.048992E-06,8.396271E-05,6.048101E-06,2.171827E-06,8.483411E-06,2.185916E-06,1.817826E-04,1.320336E-04,9.890157E-04,9.107347E-04,1.523918E-04,1.171787E-04,5.188537E-05,4.608129E-04,4.826780E-05,9.267668E-04,1.604436E-04,3.500052E-03,1.189766E-03,8.025917E-04,1.508417E-04,1.243824E-06,1.187479E-05,1.243824E-06
03:50:00,9.430875E-05,5.593158E-04,7.981458E-05,5.253579E-06,1.051441E-05,5.268818E-06,1.128929E-04,6.944666E-04,9.671155E-05,5.865422E-05,4.913159E-04,5.439783E-05,1.429714E-04,6.525002E-04,1.197530E-04,4.705921E-06,0.000000E+00,4.723166E-06,6.048992E-06,8.396271E-05,6.048101E-06,2.205716E-06,8.483411E-06,2.219730E-06,1.817835E-04,1.320339E-04,9.890362E-04,9.107399E-04,1.523926E-04,1.171790E-04,5.188537E-05,4.608129E-04,4.826780E-05,9.268329E-04,1.604449E-04,3.500450E-03,1.189787E-03,8.026487E-04,1.508430E-04,1.243824E-06,1.187479E-05,1.243824E-06
04:00:00,9.432754E-05,5.593158E-04,7.983043E-05,5.311538E-06,1.051441E-05,5.326681E-06,1.128962E-04,6.944666E-04,9.671443E-05,5.885686E-05,4.913159E-04,5.458535E-05,1.429724E-04,6.525132E-04,1.197538E-04,4.757138E-06,0.000000E+00,4.774319E-06,6.048992E-06,8.396271E-05,6.048101E-06,2.237583E-06,8.483411E-06,2.251525E-06,1.817845E-04,1.320342E-04,9.890565E-04,9.107450E-04,1.523934E-04,1.171792E-04,5.188537E-05,4.608129E-04,4.826780E-05,9.268963E-04,1.604462E-04,3.500848E-03,1.189807E-03,8.027035E-04,1.508442E-04,1.243824E-06,1.187479E-05,1.243824E-06
04:10:00,9.434531E-05,5.593158E-04,7.984543E-05,5.366245E-06,1.051441E-05,5.381300E-06,1.128995E-04,6.944666E-04,9.671719E-05,5.904738E-05,4.913159E-04,5.476166E-05,1.429734E-04,6.525261E-04,1.197546E-04,4.805707E-06,0.000000E+00,4.822829E-06,6.048992E-06,8.396271E-05,6.048101E-06,2.267600E-06,8.483411E-06,2.281476E-06,1.817854E-04,1.320345E-04,9.890766E-04,9.107500E-04,1.523942E-04,1.171795E-04,5.188537E-05,4.608129E-04,4.826780E-05,9.269573E-04,1.604475E-04,3.501244E-03,1.189826E-03,8.027563E-04,1.508453E-04,1.243824E-06,1.187479E-05,1.243824E-06
04:20:00,9.436217E-05,5.593158E-04,7.985966E-05,5.418037E-06,1.051441E-05,5.433010E-06,1.129026E-04,6.944666E-04,9.671985E-05,5.922679E-05,4.913159E-04,5.492770E-05,1.429744E-04,6.525389E-04,1.197554E-04,4.851896E-06,0.000000E+00,4.868964E-06,6.048992E-06,8.396271E-05,6.048101E-06,2.295922E-06,8.483411E-06,2.309737E-06,1.817864E-04,1.320348E-04,9.890966E-04,9.107550E-04,1.523949E-04,1.171798E-04,5.188537E-05,4.608129E-04,4.826780E-05,9.270162E-04,1.604487E-04,3.501628E-03,1.189845E-03,8.028071E-04,1.508465E-04,1.243824E-06,1.187479E-05,1.243824E-06
04:30:00,9.437820E-05,5.593158E-04,7.987319E-05,5.467206E-06,1.051441E-05,5.482102E-06,1.129056E-04,6.944666E-04,9.672240E-05,5.939604E-05,4.913159E-04,5.508434E-05,1.429753E-04,6.525516E-04,1.197562E-04,4.895940E-06,0.000000E+00,4.912958E-06,6.048992E-06,8.396271E-05,6.048101E-06,2.322689E-06,8.483411E-06,2.336446E-06,1.817873E-04,1.320351E-04,9.891164E-04,9.107599E-04,1.523957E-04,1.171800E-04,5.188537E-05,4.608129E-04,4.826780E-05,9.270730E-04,1.604499E-04,3.502003E-03,1.189864E-03,8.028562E-04,1.508476E-04,1.243824E-06,1.187479E-05,1.243824E-06
04:40:00,9.439347E-05,5.593158E-04,7.988608E-05,5.514006E-06,1.051441E-05,5.528829E-06,1.129085E-04,6.944666E-04,9.672487E-05,5.955598E-05,4.913159E-04,5.523237E-05,1.429763E-04,6.525642E-04,1.197570E-04,4.938041E-06,0.000000E+00,4.955014E-06,6.048992E-06,8.396271E-05,6.048101E-06,2.348025E-06,8.483411E-06,2.361728E-06,1.817882E-04,1.320354E-04,9.891361E-04,9.107648E-04,1.523965E-04,1.171802E-04,5.188537E-05,4.608129E-04,4.826780E-05,9.271279E-04,1.604510E-04,3.502371E-03,1.189883E-03,8.029036E-04,1.508486E-04,1.243824E-06,1.187479E-05,1.243824E-06
04:50:00,9.440805E-05,5.593158E-04,7.989839E-05,5.558655E-06,1.051441E-05,5.573411E-06,1.129113E-04,6.944666E-04,9.672724E-05,5.970738E-05,4.913159E-04,5.537250E-05,1.429772E-04,6.525766E-04,1.197578E-04,4.978379E-06,0.000000E+00,4.995309E-06,6.048992E-06,8.396271E-05,6.048101E-06,2.372044E-06,8.483411E-06,2.385696E-06,1.817891E-04,1.320356E-04,9.891556E-04,9.107697E-04,1.523972E-04,1.171805E-04,5.188537E-05,4.608129E-04,4.826780E-05,9.271811E-04,1.604521E-04,3.502731E-03,1.189901E-03,8.029496E-04,1.508497E-04,1.243824E-06,1.187479E-05,1.243824E-06
05:00:00,9.442202E-05,5.593158E-04,7.991018E-05,5.601348E-06,1.051441E-05,5.616039E-06,1.129140E-04,6.944666E-04,9.672953E-05,5.985094E-05,4.913159E-04,5.550539E-05,1.429781E-04,6.525890E-04,1.197585E-04,5.017109E-06,0.000000E+00,5.033999E-06,6.048992E-06,8.396271E-05,6.048101E-06,2.394847E-06,8.483411E-06,2.408451E-06,1.817900E-04,1.320359E-04,9.891749E-04,9.107745E-04,1.523980E-04,1.171807E-04,5.188537E-05,4.608129E-04,4.826780E-05,9.272327E-04,1.604532E-04,3.503084E-03,1.189920E-03,8.029941E-04,1.508507E-04,1.243824E-06,1.187479E-05,1.243824E-06
05:10:00,9.443542E-05,5.593158E-04,7.992149E-05,5.642252E-06,1.051441E-05,5.656881E-06,1.129166E-04,6.944666E-04,9.673175E-05,5.998730E-05,4.913159E-04,5.563161E-05,1.429790E-04,6.526013E-04,1.197593E-04,5.054367E-06,0.000000E+00,5.071220E-06,6.048992E-06,8.396271E-05,6.048101E-06,2.416526E-06,8.483411E-06,2.430085E-06,1.817909E-04,1.320362E-04,9.891941E-04,9.107792E-04,1.523987E-04,1.171810E-04,5.188537E-05,4.608129E-04,4.826780E-05,9.272828E-04,1.604542E-04,3.503431E-03,1.189938E-03,8.030374E-04,1.508517E-04,1.243824E-06,1.187479E-05,1.243824E-06
05:20:00,9.444830E-05,5.593158E-04,7.993237E-05,5.681515E-06,1.051441E-05,5.696084E-06,1.129191E-04,6.944666E-04,9.673390E-05,6.011704E-05,4.913159E-04,5.575171E-05,1.429799E-04,6.526135E-04,1.197600E-04,5.090275E-06,0.000000E+00,5.107093E-06,6.048992E-06,8.396271E-05,6.048101E-06,2.437166E-06,8.483411E-06,2.450682E-06,1.817918E-04,1.320365E-04,9.892132E-04,9.107839E-04,1.523994E-04,1.171812E-04,5.188537E-05,4.608129E-04,4.826780E-05,9.273315E-04,1.604553E-04,3.503769E-03,1.189955E-03,8.030794E-04,1.508527E-04,1.243824E-06,1.187479E-05,1.243824E-06
05:30:00,9.446072E-05,5.593158E-04,7.994285E-05,5.719267E-06,1.051441E-05,5.733779E-06,1.129215E-04,6.944666E-04,9.673599E-05,6.024068E-05,4.913159E-04,5.586617E-05,1.429808E-04,6.526255E-04,1.197607E-04,5.124937E-06,0.000000E+00,5.141722E-06,6.048992E-06,8.396271E-05,6.048101E-06,2.456843E-06,8.483411E-06,2.470318E-06,1.817926E-04,1.320367E-04,9.892321E-04,9.107886E-04,1.524001E-04,1.171814E-04,5.188537E-05,4.608129E-04,4.826780E-05,9.273788E-04,1.604563E-04,3.504098E-03,1.189973E-03,8.031203E-04,1.508536E-04,1.243824E-06,1.187479E-05,1.243824E-06
05:40:00,9.447270E-05,5.593158E-04,7.995297E-05,5.755623E-06,1.051441E-05,5.770079E-06,1.129239E-04,6.944666E-04,9.673801E-05,6.035871E-05,4.913159E-04,5.597543E-05,1.429816E-04,6.526375E-04,1.197615E-04,5.158449E-06,0.000000E+00,5.175202E-06,6.048992E-06,8.396271E-05,6.048101E-06,2.475627E-06,8.483411E-06,2.489063E-06,1.817935E-04,1.320370E-04,9.892509E-04,9.107932E-04,1.524009E-04,1.171817E-04,5.188537E-05,4.608129E-04,4.826780E-05,9.274249E-04,1.604573E-04,3.504419E-03,1.189990E-03,8.031602E-04,1.508545E-04,1.243824E-06,1.187479E-05,1.243824E-06
05:50:00,9.448429E-05,5.593158E-04,7.996275E-05,5.790684E-06,1.051441E-05,5.805087E-06,1.129262E-04,6.944666E-04,9.673998E-05,6.047154E-05,4.913159E-04,5.607990E-05,1.429825E-04,6.526494E-04,1.197622E-04,5.190892E-06,0.000000E+00,5.207615E-06,6.048992E-06,8.396271E-05,6.048101E-06,2.493580E-06,8.483411E-06,2.506980E-06,1.817943E-04,1.320372E-04,9.892696E-04,9.107978E-04,1.524016E-04,1.171819E-04,5.188537E-05,4.608129E-04,4.826780E-05,9.274698E-04,1.604582E-04,3.504733E-03,1.190008E-03,8.031990E-04,1.508554E-04,1.243824E-06,1.187479E-05,1.243824E-06
06:00:00,9.449552E-05,5.593158E-04,7.997223E-05,5.824541E-06,1.051441E-05,5.838891E-06,1.129285E-04,6.944666E-04,9.674190E-05,6.057959E-05,4.913159E-04,5.617993E-05,1.429833E-04,6.526612E-04,1.197629E-04,5.222341E-06,0.000000E+00,5.239036E-06,6.048992E-06,8.396271E-05,6.048101E-06,2.510760E-06,8.483411E-06,2.524126E-06,1.817952E-04,1.320375E-04,9.892881E-04,9.108023E-04,1.524023E-04,1.171821E-04,5.188537E-05,4.608129E-04,4.826780E-05,9.275136E-04,1.604592E-04,3.505040E-03,1.190024E-03,8.032368E-04,1.508563E-04,1.243824E-06,1.187479E-05,1.243824E-06
06:10:00,9.455890E-05,5.593158E-04,8.002581E-05,9.931252E-06,3.432004E-05,9.941005E-06,1.129932E-04,6.944666E-04,9.679731E-05,6.070878E-05,4.913159E-04,5.629956E-05,1.430636E-04,6.529730E-04,1.198300E-04,9.897144E-06,3.255062E-05,9.911569E-06,1.045490E-05,8.396271E-05,1.046802E-05,5.652190E-06,2.099722E-05,5.661784E-06,1.818963E-04,1.321133E-04,9.898405E-04,9.113119E-04,1.524870E-04,1.172494E-04,5.188537E-05,4.608129E-04,4.826780E-05,9.280702E-04,1.605519E-04,3.506936E-03,1.190700E-03,8.037184E-04,1.509434E-04,1.243824E-06,1.187479E-05,1.243824E-06
06:20:00,9.452210E-05,5.593158E-04,7.999471E-05,1.285593E-05,4.659570E-05,1.286756E-05,1.129386E-04,6.944666E-04,9.675061E-05,6.075883E-05,4.913159E-04,5.634588E-05,1.429872E-04,6.525357E-04,1.197661E-04,1.252707E-05,4.171206E-05,1.254332E-05,1.372457E-05,8.396271E-05,1.373922E-05,8.416984E-06,3.361086E-05,8.428345E-06,1.817995E-04,1.320598E-04,9.890304E-04,9.107917E-04,1.524059E-04,1.172019E-04,5.188537E-05,4.608129E-04,4.826780E-05,9.275589E-04,1.604877E-04,3.504699E-03,1.190033E-03,8.032762E-04,1.508831E-04,1.243824E-06,1.187479E-05,1.243824E-06
06:30:00,9.455276E-05,5.593158E-04,8.002061E-05,1.734664E-05,7.494484E-05,1.736008E-05,1.129663E-04,6.944666E-04,9.677433E-05,6.067282E-05,4.913159E-04,5.626611E-05,1.430226E-04,6.527606E-04,1.197957E-04,1.696139E-05,6.783169E-05,1.697928E-05,1.876377E-05,1.129934E-04,1.877953E-05,1.196707E-05,5.331880E-05,1.198010E-05,1.818438E-04,1.320836E-04,9.894352E-04,9.110285E-04,1.524430E-04,1.172230E-04,5.188537E-05,4.608129E-04,4.826780E-05,9.277330E-04,1.605170E-04,3.505798E-03,1.190351E-03,8.034266E-04,1.509106E-04,1.243824E-06,1.187479E-05,1.243824E-06
06:40:00,9.455197E-05,5.593158E-04,8.001993E-05,2.092007E-05,9.648412E-05,2.093514E-05,1.129603E-04,6.944666E-04,9.676919E-05,6.036623E-05,4.913159E-04,5.598197E-05,1.430133E-04,6.527228E-04,1.197879E-04,2.052470E-05,8.758515E-05,2.054415E-05,2.286713E-05,1.461905E-04,2.288400E-05,1.503344E-05,6.993441E-05,1.504798E-05,1.818318E-04,1.320755E-04,9.893583E-04,9.109689E-04,1.524329E-04,1.172158E-04,5.188537E-05,4.608129E-04,4.826780E-05,9.274961E-04,1.605076E-04,3.505097E-03,1.190281E-03,8.032215E-04,1.509018E-04,1.243824E-06,1.187479E-05,1.243824E-06
06:50:00,9.454970E-05,5.593158E-04,8.001800E-05,2.417594E-05,1.164350E-04,2.419255E-05,1.129595E-04,6.944666E-04,9.676848E-05,5.983810E-05,4.913159E-04,5.549300E-05,1.430109E-04,6.527256E-04,1.197859E-04,2.384106E-05,1.062509E-04,2.386199E-05,2.667687E-05,1.774366E-04,2.669482E-05,1.793939E-05,8.585961E-05,1.795539E-05,1.818284E-04,1.320723E-04,9.893584E-04,9.109549E-04,1.524301E-04,1.172130E-04,5.188537E-05,4.608129E-04,4.826780E-05,9.271961E-04,1.605037E-04,3.504240E-03,1.190268E-03,8.029619E-04,1.508982E-04,1.243824E-06,1.187479E-05,1.243824E-06
07:00:00,9.453995E-05,5.593158E-04,8.000974E-05,2.717004E-05,1.350062E-04,2.718812E-05,1.129594E-04,6.944666E-04,9.676840E-05,5.909363E-05,4.913159E-04,5.480276E-05,1.430097E-04,6.527325E-04,1.197849E-04,2.695438E-05,1.239292E-04,2.697675E-05,3.024582E-05,2.069625E-04,3.026482E-05,2.071967E-05,1.012113E-04,2.073707E-05,1.818267E-04,1.320703E-04,9.893662E-04,9.109488E-04,1.524286E-04,1.172112E-04,5.188537E-05,4.608129E-04,4.826780E-05,9.268052E-04,1.605010E-04,3.503075E-03,1.190261E-03,8.026237E-04,1.508956E-04,1.243824E-06,1.187479E-05,1.243824E-06
07:10:00,9.446793E-05,5.593158E-04,7.994884E-05,2.587597E-05,1.181068E-04,2.590003E-05,1.128969E-04,6.944666E-04,9.671483E-05,5.811671E-05,4.913159E-04,5.389791E-05,1.429295E-04,6.524399E-04,1.197178E-04,2.525671E-05,1.082205E-04,2.528271E-05,2.858641E-05,1.836910E-04,2.861001E-05,2.027287E-05,9.508826E-05,2.029539E-05,1.817251E-04,1.319932E-04,9.888413E-04,9.104400E-04,1.523435E-04,1.171428E-04,5.188537E-05,4.608129E-04,4.826780E-05,9.258154E-04,1.604067E-04,3.500023E-03,1.189593E-03,8.017671E-04,1.508070E-04,1.243824E-06,1.187479E-05,1.243824E-06
07:20:00,9.448473E-05,5.593158E-04,7.996301E-05,2.558662E-05,1.222980E-04,2.561015E-05,1.129534E-04,6.944666E-04,9.676320E-05,5.702116E-05,4.913159E-04,5.288285E-05,1.430062E-04,6.528968E-04,1.197820E-04,2.546511E-05,1.152003E-04,2.549062E-05,2.855787E-05,1.915551E-04,2.858091E-05,2.011779E-05,9.694814E-05,2.013985E-05,1.818218E-04,1.320458E-04,9.896799E-04,9.109624E-04,1.524245E-04,1.171895E-04,5.188537E-05,4.608129E-04,4.826780E-05,9.258173E-04,1.604691E-04,3.500846E-03,1.190266E-03,8.017685E-04,1.508656E-04,1.243824E-06,1.187479E-05,1.243824E-06
07:30:00,9.442196E-05,5.593158E-04,7.990995E-05,2.358410E-05,1.096190E-04,2.360713E-05,1.129273E-04,6.944666E-04,9.674083E-05,5.587701E-05,4.913159E-04,5.182273E-05,1.429713E-04,6.526916E-04,1.197528E-04,2.375311E-05,1.046297E-04,2.377829E-05,2.662038E-05,1.746773E-04,2.664330E-05,1.910632E-05,9.137295E-05,1.912800E-05,1.817777E-04,1.320214E-04,9.893044E-04,9.107291E-04,1.523876E-04,1.171679E-04,5.188537E-05,4.608129E-04,4.826780E-05,9.250670E-04,1.604378E-04,3.498105E-03,1.189947E-03,8.011193E-04,1.508362E-04,1.243824E-06,1.187479E-05,1.243824E-06
07:40:00,9.437824E-05,5.593158E-04,7.987299E-05,2.237583E-05,1.030800E-04,2.239854E-05,1.129343E-04,6.944666E-04,9.674688E-05,5.478219E-05,4.913159E-04,5.080833E-05,1.429813E-04,6.527491E-04,1.197611E-04,2.281439E-05,9.992121E-05,2.283932E-05,2.550069E-05,1.663845E-04,2.552346E-05,1.851841E-05,8.859705E-05,1.853984E-05,1.817902E-04,1.320291E-04,9.894112E-04,9.107928E-04,1.523980E-04,1.171746E-04,5.188537E-05,4.608129E-04,4.826780E-05,9.246689E-04,1.604448E-04,3.496960E-03,1.190012E-03,8.007749E-04,1.508427E-04,1.243824E-06,1.187479E-05,1.243824E-06
07:50:00,9.432361E-05,5.593158E-04,7.982681E-05,2.138156E-05,9.756274E-05,2.140402E-05,1.129356E-04,6.944666E-04,9.674796E-05,5.375075E-05,4.913159E-04,4.985220E-05,1.429845E-04,6.527660E-04,1.197638E-04,2.203968E-05,9.586926E-05,2.206442E-05,2.457394E-05,1.592734E-04,2.459660E-05,1.803931E-05,8.625709E-05,1.806054E-05,1.817941E-04,1.320320E-04,9.894415E-04,9.108117E-04,1.524013E-04,1.171772E-04,5.188537E-05,4.608129E-04,4.826780E-05,9.242822E-04,1.604457E-04,3.495793E-03,1.190015E-03,8.004403E-04,1.508437E-04,1.243824E-06,1.187479E-05,1.243824E-06
08:00:00,9.426438E-05,5.593158E-04,7.977674E-05,2.056155E-05,9.294484E-05,2.058382E-05,1.129354E-04,6.944666E-04,9.674777E-05,5.279043E-05,4.913159E-04,4.896282E-05,1.429865E-04,6.527785E-04,1.197655E-04,2.139735E-05,9.243512E-05,2.142211E-05,2.380170E-05,1.532182E-04,2.382430E-05,1.764134E-05,8.426833E-05,1.766241E-05,1.817966E-04,1.320338E-04,9.894643E-04,9.108230E-04,1.524034E-04,1.171789E-04,5.188537E-05,4.608129E-04,4.826780E-05,9.239409E-04,1.604452E-04,3.494773E-03,1.190007E-03,8.001450E-04,1.508431E-04,1.243824E-06,1.187479E-05,1.243824E-06
08:10:00,9.420322E-05,5.593158E-04,7.972505E-05,1.988105E-05,8.906640E-05,1.990319E-05,1.129343E-04,6.944666E-04,9.674684E-05,5.190344E-05,4.913159E-04,4.814063E-05,1.429881E-04,6.527900E-04,1.197668E-04,2.086110E-05,8.951787E-05,2.088581E-05,2.315343E-05,1.480415E-04,2.317600E-05,1.730659E-05,8.256083E-05,1.732755E-05,1.817987E-04,1.320352E-04,9.894860E-04,9.108323E-04,1.524051E-04,1.171801E-04,5.188537E-05,4.608129E-04,4.826780E-05,9.236445E-04,1.604441E-04,3.493897E-03,1.189994E-03,7.998886E-04,1.508421E-04,1.243824E-06,1.187479E-05,1.243824E-06
08:20:00,9.414192E-05,5.593158E-04,7.967324E-05,1.931283E-05,8.578798E-05,1.933487E-05,1.129325E-04,6.944666E-04,9.674528E-05,5.108736E-05,4.913159E-04,4.738446E-05,1.429896E-04,6.528009E-04,1.197680E-04,2.041019E-05,8.702356E-05,2.043483E-05,2.260510E-05,1.435858E-04,2.262765E-05,1.702188E-05,8.107929E-05,1.704275E-05,1.818005E-04,1.320364E-04,9.895066E-04,9.108402E-04,1.524066E-04,1.171811E-04,5.188537E-05,4.608129E-04,4.826780E-05,9.233873E-04,1.604426E-04,3.493142E-03,1.189981E-03,7.996661E-04,1.508407E-04,1.243824E-06,1.187479E-05,1.243824E-06
08:30:00,9.408180E-05,5.593158E-04,7.962243E-05,1.883538E-05,8.300046E-05,1.885735E-05,1.129301E-04,6.944666E-04,9.674322E-05,5.033939E-05,4.913159E-04,4.669145E-05,1.429908E-04,6.528110E-04,1.197690E-04,2.002865E-05,8.487930E-05,2.005325E-05,2.213820E-05,1.397282E-04,2.216075E-05,1.677732E-05,7.978217E-05,1.679810E-05,1.818020E-04,1.320373E-04,9.895264E-04,9.108473E-04,1.524079E-04,1.171819E-04,5.188537E-05,4.608129E-04,4.826780E-05,9.231639E-04,1.604410E-04,3.492489E-03,1.189966E-03,7.994728E-04,1.508392E-04,1.243824E-06,1.187479E-05,1.243824E-06
08:40:00,9.402376E-05,5.593158E-04,7.957339E-05,1.843186E-05,8.061702E-05,1.845379E-05,1.129272E-04,6.944666E-04,9.674075E-05,4.965558E-05,4.913159E-04,4.605792E-05,1.429919E-04,6.528205E-04,1.197699E-04,1.970396E-05,8.302667E-05,1.972853E-05,2.173820E-05,1.363703E-04,2.176076E-05,1.656528E-05,7.863733E-05,1.658601E-05,1.818034E-04,1.320380E-04,9.895454E-04,9.108536E-04,1.524091E-04,1.171826E-04,5.188537E-05,4.608129E-04,4.826780E-05,9.229694E-04,1.604393E-04,3.491920E-03,1.189952E-03,7.993045E-04,1.508376E-04,1.243824E-06,1.187479E-05,1.243824E-06
08:50:00,9.396844E-05,5.593158E-04,7.952664E-05,1.808891E-05,7.856799E-05,1.811081E-05,1.129239E-04,6.944666E-04,9.673798E-05,4.903154E-05,4.913159E-04,4.547977E-05,1.429928E-04,6.528294E-04,1.197707E-04,1.942614E-05,8.141833E-05,1.945070E-05,2.139356E-05,1.334325E-04,2.141614E-05,1.638002E-05,7.761959E-05,1.640070E-05,1.818047E-04,1.320387E-04,9.895639E-04,9.108594E-04,1.524101E-04,1.171831E-04,5.188537E-05,4.608129E-04,4.826780E-05,9.227995E-04,1.604376E-04,3.491423E-03,1.189939E-03,7.991576E-04,1.508360E-04,1.243824E-06,1.187479E-05,1.243824E-06
09:00:00,9.391615E-05,5.593158E-04,7.948245E-05,1.779561E-05,7.679560E-05,1.781749E-05,1.129205E-04,6.944666E-04,9.673499E-05,4.846222E-05,4.913159E-04,4.495233E-05,1.429936E-04,6.528378E-04,1.197714E-04,1.918701E-05,8.001436E-05,1.921139E-05,2.109476E-05,1.308476E-04,2.111737E-05,1.621689E-05,7.670836E-05,1.623752E-05,1.818058E-04,1.320392E-04,9.895818E-04,9.108648E-04,1.524111E-04,1.171836E-04,5.188537E-05,4.608129E-04,4.826780E-05,9.226505E-04,1.604360E-04,3.490986E-03,1.189926E-03,7.990286E-04,1.508345E-04,1.243824E-06,1.187479E-05,1.243824E-06
09:10:00,9.386710E-05,5.593158E-04,7.944101E-05,1.754340E-05,7.525446E-05,1.756528E-05,1.129168E-04,6.944666E-04,9.673185E-05,4.794316E-05,4.913159E-04,4.447146E-05,1.429944E-04,6.528457E-04,1.197720E-04,1.897997E-05,7.878319E-05,1.900432E-05,2.083420E-05,1.285623E-04,2.085683E-05,1.607229E-05,7.588775E-05,1.609289E-05,1.818069E-04,1.320397E-04,9.895992E-04,9.108699E-04,1.524120E-04,1.171840E-04,5.188537E-05,4.608129E-04,4.826780E-05,9.225192E-04,1.604344E-04,3.490599E-03,1.189914E-03,7.989150E-04,1.508330E-04,1.243824E-06,1.187479E-05,1.243824E-06
09:20:00,9.382137E-05,5.593158E-04,7.940237E-05,1.732528E-05,7.390775E-05,1.734715E-05,1.129130E-04,6.944666E-04,9.672864E-05,4.747011E-05,4.913159E-04,4.403323E-05,1.429951E-04,6.528533E-04,1.197726E-04,1.879996E-05,7.769887E-05,1.882430E-05,2.060596E-05,1.265331E-04,2.062863E-05,1.594338E-05,7.514503E-05,1.596396E-05,1.818079E-04,1.320401E-04,9.896162E-04,9.108747E-04,1.524128E-04,1.171844E-04,5.188537E-05,4.608129E-04,4.826780E-05,9.224030E-04,1.604330E-04,3.490255E-03,1.189903E-03,7.988145E-04,1.508316E-04,1.243824E-06,1.187479E-05,1.243824E-06
09:30:00,9.377894E-05,5.593158E-04,7.936652E-05,1.713573E-05,7.272506E-05,1.715760E-05,1.129093E-04,6.944666E-04,9.672541E-05,4.703901E-05,4.913159E-04,4.363388E-05,1.429957E-04,6.528604E-04,1.197731E-04,1.864269E-05,7.673971E-05,1.866703E-05,2.040510E-05,1.247236E-04,2.042780E-05,1.582786E-05,7.446976E-05,1.584842E-05,1.818088E-04,1.320405E-04,9.896329E-04,9.108793E-04,1.524136E-04,1.171848E-04,5.188537E-05,4.608129E-04,4.826780E-05,9.222997E-04,1.604316E-04,3.489947E-03,1.189893E-03,7.987252E-04,1.508304E-04,1.243824E-06,1.187479E-05,1.243824E-06
09:40:00,9.373972E-05,5.593158E-04,7.933339E-05,1.697016E-05,7.168129E-05,1.699204E-05,1.129055E-04,6.944666E-04,9.672221E-05,4.664606E-05,4.913159E-04,4.326987E-05,1.429962E-04,6.528673E-04,1.197736E-04,1.850462E-05,7.588759E-05,1.852896E-05,2.022751E-05,1.231032E-04,2.025024E-05,1.572383E-05,7.385333E-05,1.574438E-05,1.818097E-04,1.320409E-04,9.896493E-04,9.108837E-04,1.524143E-04,1.171851E-04,5.188537E-05,4.608129E-04,4.826780E-05,9.222076E-04,1.604304E-04,3.489671E-03,1.189884E-03,7.986454E-04,1.508292E-04,1.243824E-06,1.187479E-05,1.243824E-06
09:50:00,9.370359E-05,5.593158E-04,7.930287E-05,1.682479E-05,7.075564E-05,1.684668E-05,1.129019E-04,6.944666E-04,9.671908E-05,4.628771E-05,4.913159E-04,4.293792E-05,1.429968E-04,6.528739E-04,1.197740E-04,1.838280E-05,7.512731E-05,1.840716E-05,2.006976E-05,1.216462E-04,2.009252E-05,1.562976E-05,7.328859E-05,1.565030E-05,1.818105E-04,1.320412E-04,9.896654E-04,9.108880E-04,1.524150E-04,1.171854E-04,5.188537E-05,4.608129E-04,4.826780E-05,9.221249E-04,1.604292E-04,3.489422E-03,1.189876E-03,7.985739E-04,1.508281E-04,1.243824E-06,1.187479E-05,1.243824E-06
10:00:00,9.367036E-05,5.593158E-04,7.927479E-05,1.669648E-05,6.993077E-05,1.671837E-05,1.128983E-04,6.944666E-04,9.671604E-05,4.596070E-05,4.913159E-04,4.263501E-05,1.429973E-04,6.528803E-04,1.197744E-04,1.827481E-05,7.444605E-05,1.829917E-05,1.992900E-05,1.203310E-04,1.995179E-05,1.554436E-05,7.276958E-05,1.556489E-05,1.818113E-04,1.320415E-04,9.896812E-04,9.108921E-04,1.524157E-04,1.171856E-04,5.188537E-05,4.608129E-04,4.826780E-05,9.220503E-04,1.604282E-04,3.489196E-03,1.189869E-03,7.985094E-04,1.508271E-04,1.243824E-06,1.187479E-05,1.243824E-06
10:10:00,9.363985E-05,5.593158E-04,7.924902E-05,1.658264E-05,6.919222E-05,1.660454E-05,1.128949E-04,6.944666E-04,9.671311E-05,4.566205E-05,4.913159E-04,4.235837E-05,1.429977E-04,6.528866E-04,1.197748E-04,1.817859E-05,7.383303E-05,1.820296E-05,1.980285E-05,1.191392E-04,1.982567E-05,1.546656E-05,7.229124E-05,1.548709E-05,1.818121E-04,1.320418E-04,9.896969E-04,9.108962E-04,1.524163E-04,1.171859E-04,5.188537E-05,4.608129E-04,4.826780E-05,9.219828E-04,1.604272E-04,3.488990E-03,1.189863E-03,7.984510E-04,1.508262E-04,1.243824E-06,1.187479E-05,1.243824E-06
10:20:00,9.361192E-05,5.593158E-04,7.922543E-05,1.648123E-05,6.852886E-05,1.650314E-05,1.128916E-04,6.944666E-04,9.671033E-05,4.538950E-05,4.913159E-04,4.210592E-05,1.429982E-04,6.528926E-04,1.197752E-04,1.809255E-05,7.327992E-05,1.811693E-05,1.968945E-05,1.180570E-04,1.971231E-05,1.539557E-05,7.184997E-05,1.541609E-05,1.818129E-04,1.320420E-04,9.897122E-04,9.109001E-04,1.524169E-04,1.171861E-04,5.188537E-05,4.608129E-04,4.826780E-05,9.219215E-04,1.604264E-04,3.488802E-03,1.189857E-03,7.983980E-04,1.508254E-04,1.243824E-06,1.187479E-05,1.243824E-06
10:30:00,9.358638E-05,5.593158E-04,7.920386E-05,1.639043E-05,6.793037E-05,1.641236E-05,1.128885E-04,6.944666E-04,9.670769E-05,4.514054E-05,4.913159E-04,4.187532E-05,1.429986E-04,6.528986E-04,1.197755E-04,1.801524E-05,7.277884E-05,1.803964E-05,1.958711E-05,1.170708E-04,1.961000E-05,1.533062E-05,7.144205E-05,1.535114E-05,1.818136E-04,1.320423E-04,9.897274E-04,9.109040E-04,1.524176E-04,1.171863E-04,5.188537E-05,4.608129E-04,4.826780E-05,9.218656E-04,1.604256E-04,3.488629E-03,1.189853E-03,7.983496E-04,1.508247E-04,1.243824E-06,1.187479E-05,1.243824E-06
10:40:00,9.356300E-05,5.593158E-04,7.918412E-05,1.630871E-05,6.738781E-05,1.633064E-05,1.128856E-04,6.944666E-04,9.670520E-05,4.491281E-05,4.913159E-04,4.166439E-05,1.429990E-04,6.529044E-04,1.197759E-04,1.794541E-05,7.232290E-05,1.796982E-05,1.949433E-05,1.161687E-04,1.951724E-05,1.527102E-05,7.106410E-05,1.529154E-05,1.818143E-04,1.320425E-04,9.897423E-04,9.109078E-04,1.524181E-04,1.171865E-04,5.188537E-05,4.608129E-04,4.826780E-05,9.218144E-04,1.604249E-04,3.488471E-03,1.189849E-03,7.983053E-04,1.508241E-04,1.243824E-06,1.187479E-05,1.243824E-06
10:50:00,9.354161E-05,5.593158E-04,7.916605E-05,1.623476E-05,6.689375E-05,1.625670E-05,1.128829E-04,6.944666E-04,9.670287E-05,4.470423E-05,4.913159E-04,4.147121E-05,1.429994E-04,6.529102E-04,1.197762E-04,1.788203E-05,7.190629E-05,1.790646E-05,1.940986E-05,1.153407E-04,1.943281E-05,1.521620E-05,7.071325E-05,1.523672E-05,1.818150E-04,1.320427E-04,9.897571E-04,9.109115E-04,1.524187E-04,1.171867E-04,5.188537E-05,4.608129E-04,4.826780E-05,9.217673E-04,1.604243E-04,3.488324E-03,1.189845E-03,7.982645E-04,1.508235E-04,1.243824E-06,1.187479E-05,1.243824E-06
11:00:00,9.352201E-05,5.593158E-04,7.914950E-05,1.616749E-05,6.644186E-05,1.618944E-05,1.128804E-04,6.944666E-04,9.670068E-05,4.451292E-05,4.913159E-04,4.129403E-05,1.429998E-04,6.529160E-04,1.197765E-04,1.782422E-05,7.152408E-05,1.784865E-05,1.933266E-05,1.145781E-04,1.935562E-05,1.516566E-05,7.038699E-05,1.518619E-05,1.818157E-04,1.320430E-04,9.897717E-04,9.109152E-04,1.524193E-04,1.171869E-04,5.188537E-05,4.608129E-04,4.826780E-05,9.217237E-04,1.604237E-04,3.488188E-03,1.189842E-03,7.982269E-04,1.508229E-04,1.243824E-06,1.187479E-05,1.243824E-06
11:10:00,9.350404E-05,5.593158E-04,7.913432E-05,1.610601E-05,6.602677E-05,1.612797E-05,1.128780E-04,6.944666E-04,9.669865E-05,4.433721E-05,4.913159E-04,4.113129E-05,1.430002E-04,6.529217E-04,1.197768E-04,1.777123E-05,7.117200E-05,1.779567E-05,1.926180E-05,1.138734E-04,1.928479E-05,1.511898E-05,7.008313E-05,1.513950E-05,1.818164E-04,1.320432E-04,9.897861E-04,9.109188E-04,1.524198E-04,1.171871E-04,5.188537E-05,4.608129E-04,4.826780E-05,9.216833E-04,1.604232E-04,3.488062E-03,1.189840E-03,7.981919E-04,1.508225E-04,1.243824E-06,1.187479E-05,1.243824E-06
11:20:00,9.348749E-05,5.593158E-04,7.912033E-05,1.604939E-05,6.564286E-05,1.607136E-05,1.128757E-04,6.944666E-04,9.669674E-05,4.417513E-05,4.913159E-04,4.098117E-05,1.430005E-04,6.529274E-04,1.197771E-04,1.772230E-05,7.084554E-05,1.774675E-05,1.919635E-05,1.132183E-04,1.921936E-05,1.507566E-05,6.979898E-05,1.509619E-05,1.818170E-04,1.320434E-04,9.898005E-04,9.109224E-04,1.524204E-04,1.171873E-04,5.188537E-05,4.608129E-04,4.826780E-05,9.216456E-04,1.604228E-04,3.487943E-03,1.189837E-03,7.981593E-04,1.508220E-04,1.243824E-06,1.187479E-05,1.243824E-06
11:30:00,9.347220E-05,5.593158E-04,7.910742E-05,1.599699E-05,6.528633E-05,1.601897E-05,1.128737E-04,6.944666E-04,9.669497E-05,4.402534E-05,4.913159E-04,4.084245E-05,1.430009E-04,6.529331E-04,1.197775E-04,1.767692E-05,7.054167E-05,1.770138E-05,1.913565E-05,1.126074E-04,1.915869E-05,1.503538E-05,6.953286E-05,1.505592E-05,1.818177E-04,1.320436E-04,9.898147E-04,9.109259E-04,1.524209E-04,1.171875E-04,5.188537E-05,4.608129E-04,4.826780E-05,9.216103E-04,1.604224E-04,3.487832E-03,1.189835E-03,7.981287E-04,1.508216E-04,1.243824E-06,1.187479E-05,1.243824E-06
11:40:00,9.345806E-05,5.593158E-04,7.909549E-05,1.594832E-05,6.495412E-05,1.597030E-05,1.128717E-04,6.944666E-04,9.669331E-05,4.388676E-05,4.913159E-04,4.071411E-05,1.430013E-04,6.529388E-04,1.197778E-04,1.763467E-05,7.025789E-05,1.765914E-05,1.907919E-05,1.120362E-04,1.910225E-05,1.499789E-05,6.928339E-05,1.501842E-05,1.818183E-04,1.320438E-04,9.898288E-04,9.109294E-04,1.524215E-04,1.171876E-04,5.188537E-05,4.608129E-04,4.826780E-05,9.215771E-04,1.604220E-04,3.487727E-03,1.189834E-03,7.981000E-04,1.508213E-04,1.243824E-06,1.187479E-05,1.243824E-06
11:50:00,9.344497E-05,5.593158E-04,7.908443E-05,1.590290E-05,6.464345E-05,1.592490E-05,1.128699E-04,6.944666E-04,9.669177E-05,4.375834E-05,4.913159E-04,4.059518E-05,1.430017E-04,6.529445E-04,1.197781E-04,1.759517E-05,6.999196E-05,1.761964E-05,1.902650E-05,1.115007E-04,1.904957E-05,1.496293E-05,6.904924E-05,1.498347E-05,1.818189E-04,1.320440E-04,9.898428E-04,9.109329E-04,1.524220E-04,1.171878E-04,5.188537E-05,4.608129E-04,4.826780E-05,9.215458E-04,1.604216E-04,3.487629E-03,1.189833E-03,7.980729E-04,1.508210E-04,1.243824E-06,1.187479E-05,1.243824E-06
12:00:00,9.343281E-05,5.593158E-04,7.907416E-05,1.586037E-05,6.435196E-05,1.588237E-05,1.128683E-04,6.944666E-04,9.669034E-05,4.363915E-05,4.913159E-04,4.048480E-05,1.430020E-04,6.529502E-04,1.197784E-04,1.755810E-05,6.974192E-05,1.758258E-05,1.897716E-05,1.109972E-04,1.900025E-05,1.493027E-05,6.882920E-05,1.495082E-05,1.818196E-04,1.320442E-04,9.898568E-04,9.109363E-04,1.524225E-04,1.171880E-04,5.188537E-05,4.608129E-04,4.826780E-05,9.215163E-04,1.604213E-04,3.487536E-03,1.189831E-03,7.980474E-04,1.508207E-04,1.243824E-06,1.187479E-05,1.243824E-06
12:10:00,9.342150E-05,5.593158E-04,7.906461E-05,1.582038E-05,6.407757E-05,1.584238E-05,1.128667E-04,6.944666E-04,9.668901E-05,4.352834E-05,4.913159E-04,4.038218E-05,1.430024E-04,6.529559E-04,1.197787E-04,1.752319E-05,6.950607E-05,1.754767E-05,1.893082E-05,1.105227E-04,1.895393E-05,1.489973E-05,6.862219E-05,1.492028E-05,1.818202E-04,1.320444E-04,9.898706E-04,9.109397E-04,1.524230E-04,1.171881E-04,5.188537E-05,4.608129E-04,4.826780E-05,9.214883E-04,1.604210E-04,3.487448E-03,1.189831E-03,7.980232E-04,1.508204E-04,1.243824E-06,1.187479E-05,1.243824E-06
12:20:00,9.341094E-05,5.593158E-04,7.905569E-05,1.578265E-05,6.381847E-05,1.580466E-05,1.128653E-04,6.944666E-04,9.668778E-05,4.342514E-05,4.913159E-04,4.028662E-05,1.430028E-04,6.529616E-04,1.197790E-04,1.749019E-05,6.928296E-05,1.751468E-05,1.888717E-05,1.100743E-04,1.891029E-05,1.487112E-05,6.842721E-05,1.489167E-05,1.818208E-04,1.320446E-04,9.898842E-04,9.109431E-04,1.524235E-04,1.171883E-04,5.188537E-05,4.608129E-04,4.826780E-05,9.214618E-04,1.604208E-04,3.487365E-03,1.189830E-03,7.980003E-04,1.508201E-04,1.243824E-06,1.187479E-05,1.243824E-06
12:30:00,9.340107E-05,5.593158E-04,7.904735E-05,1.574694E-05,6.357312E-05,1.576895E-05,1.128639E-04,6.944666E-04,9.668663E-05,4.332888E-05,4.913159E-04,4.019747E-05,1.430032E-04,6.529674E-04,1.197793E-04,1.745890E-05,6.907133E-05,1.748340E-05,1.884594E-05,1.096497E-04,1.886908E-05,1.484428E-05,6.824335E-05,1.486483E-05,1.818214E-04,1.320448E-04,9.898978E-04,9.109464E-04,1.524240E-04,1.171885E-04,5.188537E-05,4.608129E-04,4.826780E-05,9.214367E-04,1.604205E-04,3.487286E-03,1.189829E-03,7.979785E-04,1.508199E-04,1.243824E-06,1.187479E-05,1.243824E-06
12:40:00,9.339180E-05,5.593158E-04,7.903953E-05,1.571304E-05,6.334014E-05,1.573505E-05,1.128627E-04,6.944666E-04,9.668556E-05,4.323893E-05,4.913159E-04,4.011417E-05,1.430036E-04,6.529731E-04,1.197796E-04,1.742915E-05,6.887010E-05,1.745365E-05,1.880690E-05,1.092465E-04,1.883006E-05,1.481906E-05,6.806978E-05,1.483962E-05,1.818220E-04,1.320449E-04,9.899113E-04,9.109498E-04,1.524245E-04,1.171886E-04,5.188537E-05,4.608129E-04,4.826780E-05,9.214127E-04,1.604203E-04,3.487211E-03,1.189829E-03,7.979577E-04,1.508197E-04,1.243824E-06,1.187479E-05,1.243824E-06
12:50:00,9.338309E-05,5.593158E-04,7.903217E-05,1.568076E-05,6.311834E-05,1.570278E-05,1.128615E-04,6.944666E-04,9.668456E-05,4.315472E-05,4.913159E-04,4.003619E-05,1.430039E-04,6.529788E-04,1.197800E-04,1.740078E-05,6.867833E-05,1.742528E-05,1.876984E-05,1.088628E-04,1.879301E-05,1.479533E-05,6.790575E-05,1.481589E-05,1.818226E-04,1.320451E-04,9.899247E-04,9.109530E-04,1.524250E-04,1.171888E-04,5.188537E-05,4.608129E-04,4.826780E-05,9.213898E-04,1.604201E-04,3.487139E-03,1.189829E-03,7.979379E-04,1.508195E-04,1.243824E-06,1.187479E-05,1.243824E-06
13:00:00,9.337488E-05,5.593158E-04,7.902523E-05,1.564994E-05,6.290669E-05,1.567196E-05,1.128604E-04,6.944666E-04,9.668363E-05,4.307575E-05,4.913159E-04,3.996307E-05,1.430043E-04,6.529846E-04,1.197803E-04,1.737365E-05,6.849522E-05,1.739816E-05,1.873457E-05,1.084969E-04,1.875775E-05,1.477297E-05,6.775054E-05,1.479354E-05,1.818232E-04,1.320453E-04,9.899380E-04,9.109563E-04,1.524255E-04,1.171890E-04,5.188537E-05,4.608129E-04,4.826780E-05,9.213679E-04,1.604199E-04,3.487072E-03,1.189829E-03,7.979190E-04,1.508193E-04,1.243824E-06,1.187479E-05,1.243824E-06
13:10:00,9.336711E-05,5.593158E-04,7.901867E-05,1.562045E-05,6.270427E-05,1.564248E-05,1.128594E-04,6.944666E-04,9.668277E-05,4.300157E-05,4.913159E-04,3.989437E-05,1.430047E-04,6.529903E-04,1.197806E-04,1.734766E-05,6.832004E-05,1.737216E-05,1.870094E-05,1.081473E-04,1.872413E-05,1.475188E-05,6.760353E-05,1.477244E-05,1.818238E-04,1.320455E-04,9.899512E-04,9.109595E-04,1.524260E-04,1.171891E-04,5.188537E-05,4.608129E-04,4.826780E-05,9.213470E-04,1.604197E-04,3.487007E-03,1.189829E-03,7.979009E-04,1.508191E-04,1.243824E-06,1.187479E-05,1.243824E-06
13:20:00,9.335979E-05,5.593158E-04,7.901249E-05,1.559235E-05,6.251157E-05,1.561438E-05,1.128585E-04,6.944666E-04,9.668196E-05,4.293221E-05,4.913159E-04,3.983015E-05,1.430051E-04,6.529960E-04,1.197809E-04,1.732285E-05,6.815324E-05,1.734736E-05,1.866901E-05,1.078150E-04,1.869220E-05,1.473206E-05,6.746499E-05,1.475263E-05,1.818244E-04,1.320456E-04,9.899642E-04,9.109627E-04,1.524265E-04,1.171893E-04,5.188537E-05,4.608129E-04,4.826780E-05,9.213271E-04,1.604196E-04,3.486946E-03,1.189829E-03,7.978836E-04,1.508190E-04,1.243824E-06,1.187479E-05,1.243824E-06
13:30:00,9.335290E-05,5.593158E-04,7.900667E-05,1.556552E-05,6.232784E-05,1.558755E-05,1.128576E-04,6.944666E-04,9.668122E-05,4.286731E-05,4.913159E-04,3.977004E-05,1.430055E-04,6.530016E-04,1.197812E-04,1.729912E-05,6.799415E-05,1.732364E-05,1.863863E-05,1.074987E-04,1.866184E-05,1.471342E-05,6.733435E-05,1.473399E-05,1.818249E-04,1.320458E-04,9.899770E-04,9.109658E-04,1.524270E-04,1.171894E-04,5.188537E-05,4.608129E-04,4.826780E-05,9.213081E-04,1.604194E-04,3.486888E-03,1.189829E-03,7.978672E-04,1.508189E-04,1.243824E-06,1.187479E-05,1.243824E-06
13:40:00,9.334637E-05,5.593158E-04,7.900116E-05,1.553983E-05,6.215215E-05,1.556186E-05,1.128568E-04,6.944666E-04,9.668053E-05,4.280641E-05,4.913159E-04,3.971365E-05,1.430058E-04,6.530072E-04,1.197815E-04,1.727637E-05,6.784199E-05,1.730089E-05,1.860966E-05,1.071970E-04,1.863288E-05,1.469585E-05,6.721090E-05,1.471643E-05,1.818255E-04,1.320460E-04,9.899896E-04,9.109688E-04,1.524274E-04,1.171896E-04,5.188537E-05,4.608129E-04,4.826780E-05,9.212900E-04,1.604193E-04,3.486833E-03,1.189830E-03,7.978515E-04,1.508187E-04,1.243824E-06,1.187479E-05,1.243824E-06
13:50:00,9.334018E-05,5.593158E-04,7.899593E-05,1.551518E-05,6.198380E-05,1.553721E-05,1.128560E-04,6.944666E-04,9.667988E-05,4.274916E-05,4.913159E-04,3.966063E-05,1.430062E-04,6.530128E-04,1.197818E-04,1.725450E-05,6.769615E-05,1.727902E-05,1.858197E-05,1.069089E-04,1.860520E-05,1.467926E-05,6.709408E-05,1.469984E-05,1.818260E-04,1.320461E-04,9.900021E-04,9.109719E-04,1.524279E-04,1.171897E-04,5.188537E-05,4.608129E-04,4.826780E-05,9.212727E-04,1.604191E-04,3.486780E-03,1.189830E-03,7.978365E-04,1.508186E-04,1.243824E-06,1.187479E-05,1.243824E-06
14:00:00,9.333428E-05,5.593158E-04,7.899095E-05,1.549147E-05,6.182218E-05,1.551350E-05,1.128553E-04,6.944666E-04,9.667928E-05,4.269524E-05,4.913159E-04,3.961070E-05,1.430066E-04,6.530184E-04,1.197821E-04,1.723344E-05,6.755610E-05,1.725796E-05,1.855545E-05,1.066334E-04,1.857869E-05,1.466358E-05,6.698339E-05,1.468416E-05,1.818266E-04,1.320463E-04,9.900145E-04,9.109749E-04,1.524283E-04,1.171898E-04,5.188537E-05,4.608129E-04,4.826780E-05,9.212560E-04,1.604190E-04,3.486730E-03,1.189830E-03,7.978221E-04,1.508185E-04,1.243824E-06,1.187479E-05,1.243824E-06
14:10:00,9.332866E-05,5.593158E-04,7.898620E-05,1.546863E-05,6.166675E-05,1.549066E-05,1.128547E-04,6.944666E-04,9.667871E-05,4.264436E-05,4.913159E-04,3.956359E-05,1.430069E-04,6.530239E-04,1.197824E-04,1.721313E-05,6.742138E-05,1.723764E-05,1.853001E-05,1.063695E-04,1.855325E-05,1.464871E-05,6.687839E-05,1.466930E-05,1.818271E-04,1.320465E-04,9.900268E-04,9.109778E-04,1.524288E-04,1.171900E-04,5.188537E-05,4.608129E-04,4.826780E-05,9.212401E-04,1.604189E-04,3.486683E-03,1.189831E-03,7.978083E-04,1.508184E-04,1.243824E-06,1.187479E-05,1.243824E-06
14:20:00,9.332324E-05,5.593158E-04,7.898162E-05,1.544641E-05,6.151577E-05,1.546844E-05,1.128541E-04,6.944666E-04,9.667818E-05,4.259581E-05,4.913159E-04,3.951863E-05,1.430073E-04,6.530295E-04,1.197828E-04,1.719334E-05,6.729047E-05,1.721786E-05,1.850535E-05,1.061144E-04,1.852860E-05,1.463450E-05,6.677779E-05,1.465508E-05,1.818276E-04,1.320466E-04,9.900391E-04,9.109808E-04,1.524292E-04,1.171901E-04,5.188537E-05,4.608129E-04,4.826780E-05,9.212245E-04,1.604188E-04,3.486637E-03,1.189832E-03,7.977948E-04,1.508183E-04,1.243824E-06,1.187479E-05,1.243824E-06
14:30:00,9.331798E-05,5.593158E-04,7.897718E-05,1.542477E-05,6.136887E-05,1.544680E-05,1.128535E-04,6.944666E-04,9.667767E-05,4.254936E-05,4.913159E-04,3.947561E-05,1.430077E-04,6.530351E-04,1.197831E-04,1.717404E-05,6.716307E-05,1.719856E-05,1.848142E-05,1.058672E-04,1.850467E-05,1.462088E-05,6.668125E-05,1.464146E-05,1.818282E-04,1.320468E-04,9.900513E-04,9.109837E-04,1.524297E-04,1.171903E-04,5.188537E-05,4.608129E-04,4.826780E-05,9.212094E-04,1.604187E-04,3.486593E-03,1.189832E-03,7.977818E-04,1.508182E-04,1.243824E-06,1.187479E-05,1.243824E-06
14:40:00,9.331288E-05,5.593158E-04,7.897287E-05,1.540368E-05,6.122598E-05,1.542571E-05,1.128529E-04,6.944666E-04,9.667719E-05,4.250489E-05,4.913159E-04,3.943444E-05,1.430081E-04,6.530406E-04,1.197834E-04,1.715523E-05,6.703913E-05,1.717975E-05,1.845819E-05,1.056277E-04,1.848145E-05,1.460782E-05,6.658865E-05,1.462841E-05,1.818287E-04,1.320469E-04,9.900636E-04,9.109866E-04,1.524301E-04,1.171904E-04,5.188537E-05,4.608129E-04,4.826780E-05,9.211948E-04,1.604186E-04,3.486550E-03,1.189833E-03,7.977691E-04,1.508181E-04,1.243824E-06,1.187479E-05,1.243824E-06
14:50:00,9.330793E-05,5.593158E-04,7.896869E-05,1.538314E-05,6.108693E-05,1.540517E-05,1.128524E-04,6.944666E-04,9.667673E-05,4.246229E-05,4.913159E-04,3.939498E-05,1.430084E-04,6.530462E-04,1.197837E-04,1.713689E-05,6.691849E-05,1.716141E-05,1.843562E-05,1.053957E-04,1.845889E-05,1.459530E-05,6.649975E-05,1.461589E-05,1.818292E-04,1.320471E-04,9.900757E-04,9.109895E-04,1.524305E-04,1.171905E-04,5.188537E-05,4.608129E-04,4.826780E-05,9.211805E-04,1.604186E-04,3.486508E-03,1.189834E-03,7.977567E-04,1.508180E-04,1.243824E-06,1.187479E-05,1.243824E-06
15:00:00,9.330313E-05,5.593158E-04,7.896464E-05,1.536311E-05,6.095154E-05,1.538514E-05,1.128519E-04,6.944666E-04,9.667628E-05,4.242140E-05,4.913159E-04,3.935713E-05,1.430088E-04,6.530518E-04,1.197840E-04,1.711900E-05,6.680098E-05,1.714352E-05,1.841370E-05,1.051707E-04,1.843697E-05,1.458329E-05,6.641435E-05,1.460388E-05,1.818298E-04,1.320473E-04,9.900878E-04,9.109924E-04,1.524310E-04,1.171907E-04,5.188537E-05,4.608129E-04,4.826780E-05,9.211667E-04,1.604185E-04,3.486469E-03,1.189834E-03,7.977447E-04,1.508180E-04,1.243824E-06,1.187479E-05,1.243824E-06
15:10:00,9.329845E-05,5.593158E-04,7.896069E-05,1.534358E-05,6.081964E-05,1.536561E-05,1.128514E-04,6.944666E-04,9.667586E-05,4.238213E-05,4.913159E-04,3.932076E-05,1.430092E-04,6.530573E-04,1.197843E-04,1.710153E-05,6.668645E-05,1.712605E-05,1.839238E-05,1.049523E-04,1.841565E-05,1.457174E-05,6.633224E-05,1.459233E-05,1.818303E-04,1.320474E-04,9.900998E-04,9.109953E-04,1.524314E-04,1.171908E-04,5.188537E-05,4.608129E-04,4.826780E-05,9.211533E-04,1.604184E-04,3.486430E-03,1.189835E-03,7.977331E-04,1.508179E-04,1.243824E-06,1.187479E-05,1.243824E-06
15:20:00,9.329390E-05,5.593158E-04,7.895684E-05,1.532452E-05,6.069110E-05,1.534655E-05,1.128509E-04,6.944666E-04,9.667545E-05,4.234436E-05,4.913159E-04,3.928578E-05,1.430095E-04,6.530629E-04,1.197846E-04,1.708448E-05,6.657477E-05,1.710900E-05,1.837164E-05,1.047403E-04,1.839492E-05,1.456063E-05,6.625323E-05,1.458123E-05,1.818308E-04,1.320476E-04,9.901118E-04,9.109982E-04,1.524318E-04,1.171909E-04,5.188537E-05,4.608129E-04,4.826780E-05,9.211402E-04,1.604183E-04,3.486393E-03,1.189836E-03,7.977218E-04,1.508178E-04,1.243824E-06,1.187479E-05,1.243824E-06
15:30:00,9.328946E-05,5.593158E-04,7.895309E-05,1.530592E-05,6.056574E-05,1.532795E-05,1.128504E-04,6.944666E-04,9.667506E-05,4.230800E-05,4.913159E-04,3.925211E-05,1.430099E-04,6.530684E-04,1.197849E-04,1.706782E-05,6.646581E-05,1.709234E-05,1.835145E-05,1.045343E-04,1.837473E-05,1.454994E-05,6.617715E-05,1.457054E-05,1.818313E-04,1.320477E-04,9.901237E-04,9.110010E-04,1.524323E-04,1.171911E-04,5.188537E-05,4.608129E-04,4.826780E-05,9.211274E-04,1.604183E-04,3.486357E-03,1.189837E-03,7.977107E-04,1.508178E-04,1.243824E-06,1.187479E-05,1.243824E-06
15:40:00,9.328513E-05,5.593158E-04,7.894943E-05,1.528775E-05,6.044346E-05,1.530978E-05,1.128500E-04,6.944666E-04,9.667468E-05,4.227294E-05,4.913159E-04,3.921965E-05,1.430103E-04,6.530738E-04,1.197852E-04,1.705155E-05,6.635945E-05,1.707607E-05,1.833178E-05,1.043341E-04,1.835507E-05,1.453964E-05,6.610382E-05,1.456024E-05,1.818318E-04,1.320479E-04,9.901354E-04,9.110038E-04,1.524327E-04,1.171912E-04,5.188537E-05,4.608129E-04,4.826780E-05,9.211151E-04,1.604182E-04,3.486323E-03,1.189838E-03,7.977000E-04,1.508177E-04,1.243824E-06,1.187479E-05,1.243824E-06
15:50:00,9.328090E-05,5.593158E-04,7.894586E-05,1.527001E-05,6.032411E-05,1.529204E-05,1.128496E-04,6.944666E-04,9.667432E-05,4.223911E-05,4.913159E-04,3.918832E-05,1.430107E-04,6.530793E-04,1.197855E-04,1.703564E-05,6.625558E-05,1.706016E-05,1.831262E-05,1.041393E-04,1.833591E-05,1.452970E-05,6.603309E-05,1.455030E-05,1.818323E-04,1.320480E-04,9.901472E-04,9.110066E-04,1.524331E-04,1.171913E-04,5.188537E-05,4.608129E-04,4.826780E-05,9.211030E-04,1.604181E-04,3.486289E-03,1.189839E-03,7.976896E-04,1.508176E-04,1.243824E-06,1.187479E-05,1.243824E-06
16:00:00,9.327677E-05,5.593158E-04,7.894237E-05,1.525267E-05,6.020758E-05,1.527470E-05,1.128492E-04,6.944666E-04,9.667396E-05,4.220644E-05,4.913159E-04,3.915806E-05,1.430110E-04,6.530847E-04,1.197858E-04,1.702009E-05,6.615409E-05,1.704461E-05,1.829394E-05,1.039497E-04,1.831724E-05,1.452011E-05,6.596482E-05,1.454071E-05,1.818328E-04,1.320482E-04,9.901588E-04,9.110094E-04,1.524335E-04,1.171915E-04,5.188537E-05,4.608129E-04,4.826780E-05,9.210912E-04,1.604181E-04,3.486257E-03,1.189840E-03,7.976794E-04,1.508176E-04,1.243824E-06,1.187479E-05,1.243824E-06
16:10:00,9.327272E-05,5.593158E-04,7.893895E-05,1.523573E-05,6.009376E-05,1.525775E-05,1.128488E-04,6.944666E-04,9.667362E-05,4.217484E-05,4.913159E-04,3.912880E-05,1.430114E-04,6.530901E-04,1.197861E-04,1.700488E-05,6.605489E-05,1.702940E-05,1.827572E-05,1.037651E-04,1.829902E-05,1.451084E-05,6.589888E-05,1.453144E-05,1.818333E-04,1.320483E-04,9.901704E-04,9.110121E-04,1.524339E-04,1.171916E-04,5.188537E-05,4.608129E-04,4.826780E-05,9.210798E-04,1.604180E-04,3.486226E-03,1.189841E-03,7.976694E-04,1.508175E-04,1.243824E-06,1.187479E-05,1.243824E-06
16:20:00,9.326876E-05,5.593158E-04,7.893561E-05,1.521916E-05,5.998255E-05,1.524119E-05,1.128484E-04,6.944666E-04,9.667329E-05,4.214426E-05,4.913159E-04,3.910048E-05,1.430117E-04,6.530955E-04,1.197864E-04,1.699000E-05,6.595789E-05,1.701452E-05,1.825795E-05,1.035852E-04,1.828125E-05,1.450188E-05,6.583512E-05,1.452248E-05,1.818338E-04,1.320484E-04,9.901818E-04,9.110148E-04,1.524343E-04,1.171917E-04,5.188537E-05,4.608129E-04,4.826780E-05,9.210686E-04,1.604180E-04,3.486196E-03,1.189841E-03,7.976598E-04,1.508175E-04,1.243824E-06,1.187479E-05,1.243824E-06
16:30:00,9.326488E-05,5.593158E-04,7.893233E-05,1.520296E-05,5.987385E-05,1.522498E-05,1.128480E-04,6.944666E-04,9.667297E-05,4.211464E-05,4.913159E-04,3.907305E-05,1.430121E-04,6.531008E-04,1.197867E-04,1.697544E-05,6.586302E-05,1.699996E-05,1.824059E-05,1.034098E-04,1.826390E-05,1.449320E-05,6.577345E-05,1.451381E-05,1.818343E-04,1.320486E-04,9.901932E-04,9.110175E-04,1.524347E-04,1.171918E-04,5.188537E-05,4.608129E-04,4.826780E-05,9.210577E-04,1.604179E-04,3.486166E-03,1.189842E-03,7.976503E-04,1.508174E-04,1.243824E-06,1.187479E-05,1.243824E-06
16:40:00,9.326108E-05,5.593158E-04,7.892912E-05,1.518711E-05,5.976756E-05,1.520914E-05,1.128476E-04,6.944666E-04,9.667265E-05,4.208592E-05,4.913159E-04,3.904645E-05,1.430125E-04,6.531061E-04,1.197870E-04,1.696119E-05,6.577018E-05,1.698571E-05,1.822365E-05,1.032388E-04,1.824697E-05,1.448480E-05,6.571374E-05,1.450540E-05,1.818348E-04,1.320487E-04,9.902045E-04,9.110202E-04,1.524352E-04,1.171920E-04,5.188537E-05,4.608129E-04,4.826780E-05,9.210470E-04,1.604179E-04,3.486138E-03,1.189843E-03,7.976411E-04,1.508174E-04,1.243824E-06,1.187479E-05,1.243824E-06
16:50:00,9.325736E-05,5.593158E-04,7.892597E-05,1.517160E-05,5.966360E-05,1.519363E-05,1.128473E-04,6.944666E-04,9.667235E-05,4.205805E-05,4.913159E-04,3.902064E-05,1.430128E-04,6.531114E-04,1.197873E-04,1.694724E-05,6.567932E-05,1.697176E-05,1.820710E-05,1.030719E-04,1.823042E-05,1.447666E-05,6.565589E-05,1.449726E-05,1.818353E-04,1.320489E-04,9.902158E-04,9.110229E-04,1.524356E-04,1.171921E-04,5.188537E-05,4.608129E-04,4.826780E-05,9.210367E-04,1.604178E-04,3.486110E-03,1.189844E-03,7.976321E-04,1.508173E-04,1.243824E-06,1.187479E-05,1.243824E-06
17:00:00,9.325370E-05,5.593158E-04,7.892288E-05,1.515643E-05,5.956189E-05,1.517845E-05,1.128469E-04,6.944666E-04,9.667205E-05,4.203098E-05,4.913159E-04,3.899558E-05,1.430132E-04,6.531167E-04,1.197876E-04,1.693358E-05,6.559036E-05,1.695810E-05,1.819093E-05,1.029090E-04,1.821425E-05,1.446876E-05,6.559981E-05,1.448936E-05,1.818357E-04,1.320490E-04,9.902269E-04,9.110255E-04,1.524359E-04,1.171922E-04,5.188537E-05,4.608129E-04,4.826780E-05,9.210265E-04,1.604178E-04,3.486084E-03,1.189845E-03,7.976233E-04,1.508173E-04,1.243824E-06,1.187479E-05,1.243824E-06
17:10:00,9.325011E-05,5.593158E-04,7.891985E-05,1.514157E-05,5.946235E-05,1.516360E-05,1.128466E-04,6.944666E-04,9.667176E-05,4.200467E-05,4.913159E-04,3.897121E-05,1.430135E-04,6.531219E-04,1.197879E-04,1.692021E-05,6.550323E-05,1.694473E-05,1.817513E-05,1.027500E-04,1.819845E-05,1.446109E-05,6.554541E-05,1.448169E-05,1.818362E-04,1.320491E-04,9.902380E-04,9.110281E-04,1.524363E-04,1.171923E-04,5.188537E-05,4.608129E-04,4.826780E-05,9.210166E-04,1.604177E-04,3.486058E-03,1.189846E-03,7.976147E-04,1.508172E-04,1.243824E-06,1.187479E-05,1.243824E-06
17:20:00,9.324659E-05,5.593158E-04,7.891688E-05,1.512703E-05,5.936491E-05,1.514905E-05,1.128463E-04,6.944666E-04,9.667148E-05,4.197909E-05,4.913159E-04,3.894752E-05,1.430139E-04,6.531270E-04,1.197882E-04,1.690711E-05,6.541788E-05,1.693162E-05,1.815967E-05,1.025946E-04,1.818300E-05,1.445364E-05,6.549260E-05,1.447424E-05,1.818367E-04,1.320493E-04,9.902490E-04,9.110307E-04,1.524367E-04,1.171924E-04,5.188537E-05,4.608129E-04,4.826780E-05,9.210069E-04,1.604177E-04,3.486033E-03,1.189848E-03,7.976063E-04,1.508172E-04,1.243824E-06,1.187479E-05,1.243824E-06
17:30:00,9.324313E-05,5.593158E-04,7.891396E-05,1.511279E-05,5.926950E-05,1.513481E-05,1.128459E-04,6.944666E-04,9.667120E-05,4.195419E-05,4.913159E-04,3.892446E-05,1.430142E-04,6.531322E-04,1.197885E-04,1.689427E-05,6.533425E-05,1.691879E-05,1.814456E-05,1.024427E-04,1.816789E-05,1.444640E-05,6.544131E-05,1.446700E-05,1.818372E-04,1.320494E-04,9.902599E-04,9.110333E-04,1.524371E-04,1.171926E-04,5.188537E-05,4.608129E-04,4.826780E-05,9.209974E-04,1.604177E-04,3.486009E-03,1.189849E-03,7.975981E-04,1.508172E-04,1.243824E-06,1.187479E-05,1.243824E-06
17:40:00,9.323974E-05,5.593158E-04,7.891109E-05,1.509884E-05,5.917605E-05,1.512086E-05,1.128456E-04,6.944666E-04,9.667093E-05,4.192993E-05,4.913159E-04,3.890200E-05,1.430145E-04,6.531373E-04,1.197887E-04,1.688169E-05,6.525228E-05,1.690621E-05,1.812977E-05,1.022942E-04,1.815310E-05,1.443936E-05,6.539146E-05,1.445996E-05,1.818376E-04,1.320495E-04,9.902708E-04,9.110359E-04,1.524375E-04,1.171927E-04,5.188537E-05,4.608129E-04,4.826780E-05,9.209882E-04,1.604176E-04,3.485985E-03,1.189850E-03,7.975901E-04,1.508171E-04,1.243824E-06,1.187479E-05,1.243824E-06
17:50:00,9.323640E-05,5.593158E-04,7.890827E-05,1.508517E-05,5.908450E-05,1.510719E-05,1.128453E-04,6.944666E-04,9.667067E-05,4.190630E-05,4.913159E-04,3.888011E-05,1.430149E-04,6.531424E-04,1.197890E-04,1.686937E-05,6.517193E-05,1.689389E-05,1.811530E-05,1.021490E-04,1.813864E-05,1.443250E-05,6.534298E-05,1.445311E-05,1.818381E-04,1.320497E-04,9.902815E-04,9.110384E-04,1.524379E-04,1.171928E-04,5.188537E-05,4.608129E-04,4.826780E-05,9.209791E-04,1.604176E-04,3.485962E-03,1.189851E-03,7.975822E-04,1.508171E-04,1.243824E-06,1.187479E-05,1.243824E-06
18:00:00,9.323311E-05,5.593158E-04,7.890549E-05,1.507178E-05,5.899480E-05,1.509380E-05,1.128450E-04,6.944666E-04,9.667041E-05,4.188325E-05,4.913159E-04,3.885877E-05,1.430152E-04,6.531474E-04,1.197893E-04,1.685729E-05,6.509315E-05,1.688180E-05,1.810114E-05,1.020069E-04,1.812448E-05,1.442583E-05,6.529580E-05,1.444643E-05,1.818385E-04,1.320498E-04,9.902922E-04,9.110409E-04,1.524383E-04,1.171929E-04,5.188537E-05,4.608129E-04,4.826780E-05,9.209702E-04,1.604176E-04,3.485940E-03,1.189852E-03,7.975745E-04,1.508171E-04,1.243824E-06,1.187479E-05,1.243824E-06
18:10:00,9.322989E-05,5.593158E-04,7.890277E-05,1.505866E-05,5.890687E-05,1.508068E-05,1.128447E-04,6.944666E-04,9.667016E-05,4.186076E-05,4.913159E-04,3.883794E-05,1.430155E-04,6.531524E-04,1.197896E-04,1.684544E-05,6.501588E-05,1.686996E-05,1.808727E-05,1.018678E-04,1.811061E-05,1.441933E-05,6.524988E-05,1.443993E-05,1.818390E-04,1.320499E-04,9.903028E-04,9.110434E-04,1.524386E-04,1.171930E-04,5.188537E-05,4.608129E-04,4.826780E-05,9.209615E-04,1.604175E-04,3.485919E-03,1.189853E-03,7.975670E-04,1.508170E-04,1.243824E-06,1.187479E-05,1.243824E-06
18:20:00,9.322671E-05,5.593158E-04,7.890008E-05,1.504580E-05,5.882069E-05,1.506782E-05,1.128444E-04,6.944666E-04,9.666991E-05,4.183881E-05,4.913159E-04,3.881761E-05,1.430159E-04,6.531574E-04,1.197898E-04,1.683383E-05,6.494009E-05,1.685835E-05,1.807369E-05,1.017317E-04,1.809704E-05,1.441299E-05,6.520514E-05,1.443359E-05,1.818394E-04,1.320501E-04,9.903133E-04,9.110459E-04,1.524390E-04,1.171931E-04,5.188537E-05,4.608129E-04,4.826780E-05,9.209530E-04,1.604175E-04,3.485898E-03,1.189854E-03,7.975596E-04,1.508170E-04,1.243824E-06,1.187479E-05,1.243824E-06
18:30:00,9.322359E-05,5.593158E-04,7.889745E-05,1.503319E-05,5.873618E-05,1.505521E-05,1.128441E-04,6.944666E-04,9.666966E-05,4.181737E-05,4.913159E-04,3.879776E-05,1.430162E-04,6.531623E-04,1.197901E-04,1.682244E-05,6.486574E-05,1.684696E-05,1.806039E-05,1.015984E-04,1.808374E-05,1.440681E-05,6.516153E-05,1.442741E-05,1.818399E-04,1.320502E-04,9.903238E-04,9.110483E-04,1.524394E-04,1.171932E-04,5.188537E-05,4.608129E-04,4.826780E-05,9.209447E-04,1.604175E-04,3.485877E-03,1.189855E-03,7.975524E-04,1.508170E-04,1.243824E-06,1.187479E-05,1.243824E-06
18:40:00,9.322052E-05,5.593158E-04,7.889485E-05,1.502083E-05,5.865330E-05,1.504285E-05,1.128439E-04,6.944666E-04,9.666943E-05,4.179642E-05,4.913159E-04,3.877835E-05,1.430165E-04,6.531672E-04,1.197904E-04,1.681127E-05,6.479277E-05,1.683579E-05,1.804736E-05,1.014678E-04,1.807072E-05,1.440078E-05,6.511901E-05,1.442138E-05,1.818403E-04,1.320503E-04,9.903342E-04,9.110507E-04,1.524397E-04,1.171933E-04,5.188537E-05,4.608129E-04,4.826780E-05,9.209365E-04,1.604174E-04,3.485858E-03,1.189856E-03,7.975453E-04,1.508170E-04,1.243824E-06,1.187479E-05,1.243824E-06
18:50:00,9.321750E-05,5.593158E-04,7.889230E-05,1.500871E-05,5.857200E-05,1.503073E-05,1.128436E-04,6.944666E-04,9.666919E-05,4.177594E-05,4.913159E-04,3.875939E-05,1.430169E-04,6.531721E-04,1.197907E-04,1.680032E-05,6.472116E-05,1.682484E-05,1.803460E-05,1.013399E-04,1.805795E-05,1.439489E-05,6.507753E-05,1.441549E-05,1.818408E-04,1.320504E-04,9.903445E-04,9.110531E-04,1.524401E-04,1.171935E-04,5.188537E-05,4.608129E-04,4.826780E-05,9.209285E-04,1.604174E-04,3.485838E-03,1.189857E-03,7.975384E-04,1.508169E-04,1.243824E-06,1.187479E-05,1.243824E-06
19:00:00,9.321452E-05,5.593158E-04,7.888978E-05,1.499683E-05,5.849225E-05,1.501885E-05,1.128433E-04,6.944666E-04,9.666896E-05,4.175591E-05,4.913159E-04,3.874083E-05,1.430172E-04,6.531769E-04,1.197909E-04,1.678957E-05,6.465087E-05,1.681409E-05,1.802209E-05,1.012145E-04,1.804544E-05,1.438914E-05,6.503705E-05,1.440974E-05,1.818412E-04,1.320506E-04,9.903547E-04,9.110555E-04,1.524405E-04,1.171936E-04,5.188537E-05,4.608129E-04,4.826780E-05,9.209206E-04,1.604174E-04,3.485820E-03,1.189858E-03,7.975316E-04,1.508169E-04,1.243824E-06,1.187479E-05,1.243824E-06
19:10:00,9.321159E-05,5.593158E-04,7.888731E-05,1.498517E-05,5.841399E-05,1.500719E-05,1.128431E-04,6.944666E-04,9.666873E-05,4.173630E-05,4.913159E-04,3.872268E-05,1.430175E-04,6.531817E-04,1.197912E-04,1.677903E-05,6.458186E-05,1.680355E-05,1.800982E-05,1.010916E-04,1.803318E-05,1.438352E-05,6.499751E-05,1.440413E-05,1.818416E-04,1.320507E-04,9.903649E-04,9.110579E-04,1.524408E-04,1.171937E-04,5.188537E-05,4.608129E-04,4.826780E-05,9.209129E-04,1.604174E-04,3.485802E-03,1.189859E-03,7.975249E-04,1.508169E-04,1.243824E-06,1.187479E-05,1.243824E-06
19:20:00,9.320871E-05,5.593158E-04,7.888487E-05,1.497373E-05,5.833719E-05,1.499575E-05,1.128428E-04,6.944666E-04,9.666851E-05,4.171712E-05,4.913159E-04,3.870491E-05,1.430178E-04,6.531865E-04,1.197915E-04,1.676868E-05,6.451410E-05,1.679321E-05,1.799779E-05,1.009711E-04,1.802116E-05,1.437803E-05,6.495889E-05,1.439864E-05,1.818420E-04,1.320508E-04,9.903749E-04,9.110602E-04,1.524412E-04,1.171938E-04,5.188537E-05,4.608129E-04,4.826780E-05,9.209054E-04,1.604174E-04,3.485784E-03,1.189860E-03,7.975183E-04,1.508169E-04,1.243824E-06,1.187479E-05,1.243824E-06
19:30:00,9.320587E-05,5.593158E-04,7.888248E-05,1.496251E-05,5.826180E-05,1.498453E-05,1.128426E-04,6.944666E-04,9.666829E-05,4.169833E-05,4.913159E-04,3.868751E-05,1.430181E-04,6.531913E-04,1.197917E-04,1.675853E-05,6.444756E-05,1.678305E-05,1.798600E-05,1.008529E-04,1.800937E-05,1.437266E-05,6.492114E-05,1.439327E-05,1.818425E-04,1.320509E-04,9.903849E-04,9.110626E-04,1.524415E-04,1.171939E-04,5.188537E-05,4.608129E-04,4.826780E-05,9.208980E-04,1.604173E-04,3.485767E-03,1.189862E-03,7.975119E-04,1.508168E-04,1.243824E-06,1.187479E-05,1.243824E-06
19:40:00,9.320307E-05,5.593158E-04,7.888011E-05,1.495150E-05,5.818779E-05,1.497352E-05,1.128423E-04,6.944666E-04,9.666808E-05,4.167992E-05,4.913159E-04,3.867047E-05,1.430184E-04,6.531960E-04,1.197920E-04,1.674856E-05,6.438220E-05,1.677309E-05,1.797444E-05,1.007369E-04,1.799781E-05,1.436741E-05,6.488423E-05,1.438802E-05,1.818429E-04,1.320510E-04,9.903949E-04,9.110649E-04,1.524419E-04,1.171940E-04,5.188537E-05,4.608129E-04,4.826780E-05,9.208907E-04,1.604173E-04,3.485750E-03,1.189863E-03,7.975056E-04,1.508168E-04,1.243824E-06,1.187479E-05,1.243824E-06
19:50:00,9.320032E-05,5.593158E-04,7.887779E-05,1.494070E-05,5.811513E-05,1.496272E-05,1.128421E-04,6.944666E-04,9.666787E-05,4.166189E-05,4.913159E-04,3.865376E-05,1.430187E-04,6.532006E-04,1.197922E-04,1.673878E-05,6.431799E-05,1.676331E-05,1.796309E-05,1.006231E-04,1.798646E-05,1.436227E-05,6.484813E-05,1.438288E-05,1.818433E-04,1.320512E-04,9.904047E-04,9.110672E-04,1.524422E-04,1.171941E-04,5.188537E-05,4.608129E-04,4.826780E-05,9.208836E-04,1.604173E-04,3.485734E-03,1.189864E-03,7.974994E-04,1.508168E-04,1.243824E-06,1.187479E-05,1.243824E-06
20:00:00,9.319760E-05,5.593158E-04,7.887549E-05,1.493009E-05,5.804377E-05,1.495211E-05,1.128418E-04,6.944666E-04,9.666766E-05,4.164421E-05,4.913159E-04,3.863739E-05,1.430191E-04,6.532053E-04,1.197925E-04,1.672918E-05,6.425491E-05,1.675371E-05,1.795196E-05,1.005115E-04,1.797534E-05,1.435724E-05,6.481281E-05,1.437785E-05,1.818437E-04,1.320513E-04,9.904145E-04,9.110694E-04,1.524426E-04,1.171942E-04,5.188537E-05,4.608129E-04,4.826780E-05,9.208766E-04,1.604173E-04,3.485718E-03,1.189865E-03,7.974934E-04,1.508168E-04,1.243824E-06,1.187479E-05,1.243824E-06
20:10:00,9.319493E-05,5.593158E-04,7.887324E-05,1.491968E-05,5.797368E-05,1.494171E-05,1.128416E-04,6.944666E-04,9.666745E-05,4.162687E-05,4.913159E-04,3.862134E-05,1.430194E-04,6.532099E-04,1.197927E-04,1.671975E-05,6.419293E-05,1.674428E-05,1.794104E-05,1.004019E-04,1.796442E-05,1.435232E-05,6.477823E-05,1.437293E-05,1.818441E-04,1.320514E-04,9.904242E-04,9.110717E-04,1.524429E-04,1.171943E-04,5.188537E-05,4.608129E-04,4.826780E-05,9.208697E-04,1.604173E-04,3.485702E-03,1.189866E-03,7.974874E-04,1.508168E-04,1.243824E-06,1.187479E-05,1.243824E-06
20:20:00,9.319230E-05,5.593158E-04,7.887101E-05,1.490946E-05,5.790483E-05,1.493149E-05,1.128413E-04,6.944666E-04,9.666725E-05,4.160987E-05,4.913159E-04,3.860559E-05,1.430197E-04,6.532144E-04,1.197930E-04,1.671050E-05,6.413202E-05,1.673502E-05,1.793032E-05,1.002943E-04,1.795370E-05,1.434750E-05,6.474438E-05,1.436811E-05,1.818445E-04,1.320515E-04,9.904339E-04,9.110739E-04,1.524432E-04,1.171944E-04,5.188537E-05,4.608129E-04,4.826780E-05,9.208630E-04,1.604172E-04,3.485687E-03,1.189867E-03,7.974816E-04,1.508168E-04,1.243824E-06,1.187479E-05,1.243824E-06
20:30:00,9.318970E-05,5.593158E-04,7.886882E-05,1.489943E-05,5.783719E-05,1.492146E-05,1.128411E-04,6.944666E-04,9.666705E-05,4.159319E-05,4.913159E-04,3.859014E-05,1.430200E-04,6.532190E-04,1.197932E-04,1.670140E-05,6.407216E-05,1.672593E-05,1.791980E-05,1.001886E-04,1.794319E-05,1.434277E-05,6.471122E-05,1.436338E-05,1.818449E-04,1.320516E-04,9.904434E-04,9.110761E-04,1.524436E-04,1.171945E-04,5.188537E-05,4.608129E-04,4.826780E-05,9.208563E-04,1.604172E-04,3.485672E-03,1.189868E-03,7.974758E-04,1.508167E-04,1.243824E-06,1.187479E-05,1.243824E-06
20:40:00,9.318714E-05,5.593158E-04,7.886666E-05,1.488958E-05,5.777074E-05,1.491161E-05,1.128409E-04,6.944666E-04,9.666686E-05,4.157682E-05,4.913159E-04,3.857498E-05,1.430203E-04,6.532235E-04,1.197935E-04,1.669248E-05,6.401331E-05,1.671701E-05,1.790947E-05,1.000848E-04,1.793286E-05,1.433814E-05,6.467872E-05,1.435875E-05,1.818453E-04,1.320517E-04,9.904529E-04,9.110783E-04,1.524439E-04,1.171946E-04,5.188537E-05,4.608129E-04,4.826780E-05,9.208498E-04,1.604172E-04,3.485658E-03,1.189869E-03,7.974702E-04,1.508167E-04,1.243824E-06,1.187479E-05,1.243824E-06
20:50:00,9.318462E-05,5.593158E-04,7.886453E-05,1.487990E-05,5.770543E-05,1.490193E-05,1.128407E-04,6.944666E-04,9.666666E-05,4.156075E-05,4.913159E-04,3.856010E-05,1.430205E-04,6.532279E-04,1.197937E-04,1.668371E-05,6.395546E-05,1.670824E-05,1.789933E-05,9.998289E-05,1.792273E-05,1.433361E-05,6.464688E-05,1.435422E-05,1.818457E-04,1.320518E-04,9.904624E-04,9.110805E-04,1.524442E-04,1.171947E-04,5.188537E-05,4.608129E-04,4.826780E-05,9.208434E-04,1.604172E-04,3.485644E-03,1.189870E-03,7.974646E-04,1.508167E-04,1.243824E-06,1.187479E-05,1.243824E-06
21:00:00,9.318213E-05,5.593158E-04,7.886243E-05,1.487040E-05,5.764124E-05,1.489243E-05,1.128404E-04,6.944666E-04,9.666647E-05,4.154497E-05,4.913159E-04,3.854549E-05,1.430208E-04,6.532324E-04,1.197940E-04,1.667509E-05,6.389859E-05,1.669963E-05,1.788938E-05,9.988274E-05,1.791277E-05,1.432916E-05,6.461565E-05,1.434977E-05,1.818461E-04,1.320519E-04,9.904717E-04,9.110827E-04,1.524445E-04,1.171948E-04,5.188537E-05,4.608129E-04,4.826780E-05,9.208371E-04,1.604172E-04,3.485631E-03,1.189872E-03,7.974592E-04,1.508167E-04,1.243824E-06,1.187479E-05,1.243824E-06
21:10:00,9.317968E-05,5.593158E-04,7.886036E-05,1.486107E-05,5.757815E-05,1.488310E-05,1.128402E-04,6.944666E-04,9.666629E-05,4.152947E-05,4.913159E-04,3.853114E-05,1.430211E-04,6.532368E-04,1.197942E-04,1.666663E-05,6.384266E-05,1.669116E-05,1.787960E-05,9.978432E-05,1.790300E-05,1.432480E-05,6.458503E-05,1.434541E-05,1.818465E-04,1.320520E-04,9.904810E-04,9.110848E-04,1.524449E-04,1.171949E-04,5.188537E-05,4.608129E-04,4.826780E-05,9.208310E-04,1.604172E-04,3.485617E-03,1.189873E-03,7.974538E-04,1.508167E-04,1.243824E-06,1.187479E-05,1.243824E-06
21:20:00,9.317727E-05,5.593158E-04,7.885832E-05,1.485190E-05,5.751612E-05,1.487393E-05,1.128400E-04,6.944666E-04,9.666610E-05,4.151425E-05,4.913159E-04,3.851704E-05,1.430214E-04,6.532412E-04,1.197944E-04,1.665831E-05,6.378765E-05,1.668285E-05,1.787000E-05,9.968760E-05,1.789340E-05,1.432052E-05,6.455499E-05,1.434113E-05,1.818469E-04,1.320522E-04,9.904903E-04,9.110869E-04,1.524452E-04,1.171950E-04,5.188537E-05,4.608129E-04,4.826780E-05,9.208249E-04,1.604172E-04,3.485604E-03,1.189874E-03,7.974486E-04,1.508167E-04,1.243824E-06,1.187479E-05,1.243824E-06
21:30:00,9.317489E-05,5.593158E-04,7.885630E-05,1.484289E-05,5.745514E-05,1.486492E-05,1.128398E-04,6.944666E-04,9.666592E-05,4.149930E-05,4.913159E-04,3.850319E-05,1.430217E-04,6.532455E-04,1.197947E-04,1.665014E-05,6.373356E-05,1.667468E-05,1.786056E-05,9.959253E-05,1.788397E-05,1.431632E-05,6.452552E-05,1.433693E-05,1.818473E-04,1.320523E-04,9.904994E-04,9.110891E-04,1.524455E-04,1.171951E-04,5.188537E-05,4.608129E-04,4.826780E-05,9.208189E-04,1.604172E-04,3.485592E-03,1.189875E-03,7.974434E-04,1.508167E-04,1.243824E-06,1.187479E-05,1.243824E-06
21:40:00,9.317254E-05,5.593158E-04,7.885432E-05,1.483404E-05,5.739518E-05,1.485608E-05,1.128396E-04,6.944666E-04,9.666574E-05,4.148460E-05,4.913159E-04,3.848958E-05,1.430220E-04,6.532498E-04,1.197949E-04,1.664211E-05,6.368035E-05,1.666665E-05,1.785130E-05,9.949907E-05,1.787470E-05,1.431220E-05,6.449659E-05,1.433281E-05,1.818476E-04,1.320524E-04,9.905085E-04,9.110911E-04,1.524458E-04,1.171952E-04,5.188537E-05,4.608129E-04,4.826780E-05,9.208130E-04,1.604171E-04,3.485579E-03,1.189876E-03,7.974383E-04,1.508166E-04,1.243824E-06,1.187479E-05,1.243824E-06
21:50:00,9.317022E-05,5.593158E-04,7.885236E-05,1.482535E-05,5.733621E-05,1.484738E-05,1.128394E-04,6.944666E-04,9.666556E-05,4.147016E-05,4.913159E-04,3.847620E-05,1.430223E-04,6.532541E-04,1.197951E-04,1.663422E-05,6.362800E-05,1.665876E-05,1.784219E-05,9.940717E-05,1.786560E-05,1.430816E-05,6.446818E-05,1.432877E-05,1.818480E-04,1.320525E-04,9.905175E-04,9.110932E-04,1.524461E-04,1.171952E-04,5.188537E-05,4.608129E-04,4.826780E-05,9.208073E-04,1.604171E-04,3.485567E-03,1.189877E-03,7.974333E-04,1.508166E-04,1.243824E-06,1.187479E-05,1.243824E-06
22:00:00,9.316794E-05,5.593158E-04,7.885043E-05,1.481680E-05,5.727821E-05,1.483883E-05,1.128392E-04,6.944666E-04,9.666539E-05,4.145596E-05,4.913159E-04,3.846305E-05,1.430225E-04,6.532583E-04,1.197954E-04,1.662647E-05,6.357650E-05,1.665101E-05,1.783324E-05,9.931681E-05,1.785666E-05,1.430419E-05,6.444029E-05,1.432480E-05,1.818484E-04,1.320526E-04,9.905265E-04,9.110953E-04,1.524464E-04,1.171953E-04,5.188537E-05,4.608129E-04,4.826780E-05,9.208016E-04,1.604171E-04,3.485556E-03,1.189878E-03,7.974284E-04,1.508166E-04,1.243824E-06,1.187479E-05,1.243824E-06
22:10:00,9.321671E-05,5.593158E-04,7.889168E-05,1.234376E-05,4.770762E-05,1.236212E-05,1.129002E-04,6.944666E-04,9.671763E-05,4.146357E-05,4.913159E-04,3.847012E-05,1.431007E-04,6.535580E-04,1.198608E-04,1.385215E-05,5.295891E-05,1.387260E-05,1.485730E-05,8.396271E-05,1.487681E-05,1.191850E-05,5.368859E-05,1.193567E-05,1.819471E-04,1.321266E-04,9.910610E-04,9.115928E-04,1.525291E-04,1.172610E-04,5.188537E-05,4.608129E-04,4.826780E-05,9.212981E-04,1.605068E-04,3.487112E-03,1.190526E-03,7.978580E-04,1.509009E-04,1.243824E-06,1.187479E-05,1.243824E-06
22:20:00,9.324418E-05,5.593158E-04,7.891492E-05,9.872187E-06,3.814693E-05,9.886877E-06,1.129355E-04,6.944666E-04,9.674787E-05,4.148013E-05,4.913159E-04,3.848550E-05,1.431439E-04,6.536812E-04,1.198969E-04,1.107916E-05,4.235011E-05,1.109552E-05,1.188288E-05,8.396271E-05,1.189849E-05,9.533486E-06,4.294167E-05,9.547228E-06,1.820015E-04,1.321725E-04,9.912644E-04,9.118531E-04,1.525747E-04,1.173018E-04,5.188537E-05,4.608129E-04,4.826780E-05,9.215651E-04,1.605624E-04,3.487733E-03,1.190864E-03,7.980892E-04,1.509532E-04,1.243824E-06,1.187479E-05,1.243824E-06
22:30:00,9.325183E-05,5.593158E-04,7.892140E-05,7.402047E-06,2.859598E-05,7.413065E-06,1.129463E-04,6.944666E-04,9.675705E-05,4.154814E-05,4.913159E-04,3.854866E-05,1.431569E-04,6.537177E-04,1.199078E-04,8.307467E-06,3.174995E-05,8.319739E-06,8.909971E-06,8.396271E-05,8.921681E-06,7.149144E-06,3.219942E-05,7.159451E-06,1.820178E-04,1.321866E-04,9.913122E-04,9.119283E-04,1.525884E-04,1.173143E-04,5.188537E-05,4.608129E-04,4.826780E-05,9.216893E-04,1.605794E-04,3.488033E-03,1.190961E-03,7.981968E-04,1.509691E-04,1.243824E-06,1.187479E-05,1.243824E-06
22:40:00,9.324506E-05,5.593158E-04,7.891569E-05,4.933319E-06,1.905461E-05,4.940664E-06,1.129375E-04,6.944666E-04,9.674955E-05,4.170862E-05,4.913159E-04,3.869767E-05,1.431455E-04,6.536538E-04,1.198983E-04,5.537059E-06,2.115830E-05,5.545241E-06,6.048992E-06,8.396271E-05,6.048101E-06,4.765456E-06,2.146179E-05,4.772328E-06,1.820032E-04,1.321783E-04,9.911839E-04,9.118508E-04,1.525761E-04,1.173069E-04,5.188537E-05,4.608129E-04,4.826780E-05,9.217278E-04,1.605693E-04,3.487980E-03,1.190858E-03,7.982303E-04,1.509596E-04,1.243824E-06,1.187479E-05,1.243824E-06
22:50:00,9.324958E-05,5.593158E-04,7.891951E-05,2.465978E-06,1.051441E-05,2.469650E-06,1.129379E-04,6.944666E-04,9.674991E-05,4.199105E-05,4.913159E-04,3.895985E-05,1.431478E-04,6.537034E-04,1.199002E-04,2.767911E-06,1.057503E-05,2.772001E-06,6.048992E-06,8.396271E-05,6.048101E-06,2.382412E-06,1.072867E-05,2.385848E-06,1.820059E-04,1.321767E-04,9.912704E-04,9.118741E-04,1.525784E-04,1.173055E-04,5.188537E-05,4.608129E-04,4.826780E-05,9.219462E-04,1.605675E-04,3.488778E-03,1.190889E-03,7.984194E-04,1.509579E-04,1.243824E-06,1.187479E-05,1.243824E-06
23:00:00,9.325313E-05,5.593158E-04,7.892252E-05,1.053880E-06,1.051441E-05,1.053848E-06,1.129309E-04,6.944666E-04,9.674389E-05,4.240472E-05,4.913159E-04,3.934382E-05,1.431397E-04,6.536741E-04,1.198934E-04,0.000000E+00,0.000000E+00,0.000000E+00,6.048992E-06,8.396271E-05,6.048101E-06,8.501384E-07,8.483411E-06,8.501033E-07,1.819955E-04,1.321692E-04,9.912116E-04,9.118263E-04,1.525697E-04,1.172988E-04,5.188537E-05,4.608129E-04,4.826780E-05,9.221695E-04,1.605587E-04,3.489343E-03,1.190828E-03,7.986129E-04,1.509497E-04,1.243824E-06,1.187479E-05,1.243824E-06
23:10:00,9.321519E-05,5.593158E-04,7.889045E-05,1.053880E-06,1.051441E-05,1.053848E-06,1.128659E-04,6.944666E-04,9.668825E-05,4.293775E-05,4.913159E-04,3.983856E-05,1.430578E-04,6.533720E-04,1.198249E-04,0.000000E+00,0.000000E+00,0.000000E+00,6.048992E-06,8.396271E-05,6.048101E-06,8.501384E-07,8.483411E-06,8.501033E-07,1.818919E-04,1.320908E-04,9.906704E-04,9.113096E-04,1.524829E-04,1.172292E-04,5.188537E-05,4.608129E-04,4.826780E-05,9.219916E-04,1.604644E-04,3.488658E-03,1.190159E-03,7.984593E-04,1.508611E-04,1.243824E-06,1.187479E-05,1.243824E-06
23:20:00,9.320753E-05,5.593158E-04,7.888398E-05,1.053880E-06,1.051441E-05,1.053848E-06,1.128277E-04,6.944666E-04,9.665557E-05,4.360730E-05,4.913159E-04,4.045996E-05,1.430119E-04,6.532493E-04,1.197865E-04,0.000000E+00,0.000000E+00,0.000000E+00,6.048992E-06,8.396271E-05,6.048101E-06,8.501384E-07,8.483411E-06,8.501033E-07,1.818340E-04,1.320417E-04,9.904663E-04,9.110367E-04,1.524344E-04,1.171857E-04,5.188537E-05,4.608129E-04,4.826780E-05,9.221199E-04,1.604059E-04,3.489108E-03,1.189812E-03,7.985705E-04,1.508061E-04,1.243824E-06,1.187479E-05,1.243824E-06
23:30:00,9.322936E-05,5.593158E-04,7.890245E-05,1.053880E-06,1.051441E-05,1.053848E-06,1.128150E-04,6.944666E-04,9.664468E-05,4.437358E-05,4.913159E-04,4.117106E-05,1.429968E-04,6.532145E-04,1.197738E-04,4.484215E-08,0.000000E+00,5.121713E-08,6.048992E-06,8.396271E-05,6.048101E-06,8.501384E-07,8.483411E-06,8.501033E-07,1.818150E-04,1.320251E-04,9.904204E-04,9.109522E-04,1.524185E-04,1.171710E-04,5.188537E-05,4.608129E-04,4.826780E-05,9.224601E-04,1.603874E-04,3.490059E-03,1.189714E-03,7.988652E-04,1.507887E-04,1.243824E-06,1.187479E-05,1.243824E-06
23:40:00,9.327588E-05,5.593158E-04,7.894182E-05,1.053880E-06,1.051441E-05,1.053848E-06,1.128226E-04,6.944666E-04,9.665121E-05,4.519659E-05,4.913159E-04,4.193473E-05,1.430065E-04,6.532810E-04,1.197819E-04,1.985499E-07,0.000000E+00,2.077598E-07,6.048992E-06,8.396271E-05,6.048101E-06,8.501384E-07,8.483411E-06,8.501033E-07,1.818275E-04,1.320315E-04,9.905528E-04,9.110227E-04,1.524289E-04,1.171766E-04,5.188537E-05,4.608129E-04,4.826780E-05,9.229495E-04,1.603971E-04,3.491527E-03,1.189823E-03,7.992890E-04,1.507978E-04,1.243824E-06,1.187479E-05,1.243824E-06
23:50:00,9.332182E-05,5.593158E-04,7.898070E-05,1.053880E-06,1.051441E-05,1.053848E-06,1.128219E-04,6.944666E-04,9.665060E-05,4.604650E-05,4.913159E-04,4.272330E-05,1.430029E-04,6.532348E-04,1.197789E-04,4.136788E-07,0.000000E+00,4.275420E-07,6.048992E-06,8.396271E-05,6.048101E-06,8.501384E-07,8.483411E-06,8.501033E-07,1.818231E-04,1.320314E-04,9.904721E-04,9.109943E-04,1.524252E-04,1.171766E-04,5.188537E-05,4.608129E-04,4.826780E-05,9.233178E-04,1.603995E-04,3.492301E-03,1.189805E-03,7.996080E-04,1.508000E-04,1.243824E-06,1.187479E-05,1.243824E-06
24:00:00,9.337963E-05,5.593158E-04,7.902961E-05,1.053880E-06,1.051441E-05,1.053848E-06,1.128295E-04,6.944666E-04,9.665713E-05,4.691225E-05,4.913159E-04,4.352646E-05,1.430100E-04,6.532682E-04,1.197848E-04,7.067367E-07,0.000000E+00,7.245949E-07,6.048992E-06,8.396271E-05,6.048101E-06,8.501384E-07,8.483411E-06,8.501033E-07,1.818321E-04,1.320377E-04,9.905380E-04,9.110383E-04,1.524328E-04,1.171821E-04,5.188537E-05,4.608129E-04,4.826780E-05,9.237355E-04,1.604096E-04,3.493450E-03,1.189884E-03,7.999697E-04,1.508096E-04,1.243824E-06,1.187479E-05,1.243824E-06

Time
00:10:00
00:20:00
00:30:00
00:40:00
00:50:00
01:00:00
01:10:00
01:20:00
01:30:00
01:40:00
01:50:00
02:00:00
02:10:00
02:20:00
02:30:00
02:40:00
02:50:00
03:00:00
03:10:00
03:20:00
03:30:00
03:40:00
03:50:00
04:00:00
04:10:00
04:20:00
04:30:00
04:40:00
04:50:00
05:00:00
05:10:00
05:20:00
05:30:00
05:40:00
05:50:00
06:00:00
06:10:00
06:20:00
06:30:00
06:40:00
06:50:00
07:00:00
07:10:00
07:20:00
07:30:00
07:40:00
07:50:00
08:00:00
08:10:00
08:20:00
08:30:00
08:40:00
08:50:00
09:00:00
09:10:00
09:20:00
09:30:00
09:40:00
09:50:00
10:00:00
10:10:00
10:20:00
10:30:00
10:40:00
10:50:00
11:00:00
11:10:00
11:20:00
11:30:00
11:40:00
11:50:00
12:00:00
12:10:00
12:20:00
12:30:00
12:40:00
12:50:00
13:00:00
13:10:00
13:20:00
13:30:00
13:40:00
13:50:00
14:00:00
14:10:00
14:20:00
14:30:00
14:40:00
14:50:00
15:00:00
15:10:00
15:20:00
15:30:00
15:40:00
15:50:00
16:00:00
16:10:00
16:20:00
16:30:00
16:40:00
16:50:00
17:00:00
17:10:00
17:20:00
17:30:00
17:40:00
17:50:00
18:00:00
18:10:00
18:20:00
18:30:00
18:40:00
18:50:00
19:00:00
19:10:00
19:20:00
19:30:00
19:40:00
19:50:00
20:00:00
20:10:00
20:20:00
20:30:00
20:40:00
20:50:00
21:00:00
21:10:00
21:20:00
21:30:00
21:40:00
21:50:00
22:00:00
22:10:00
22:20:00
22:30:00
22:40:00
22:50:00
23:00:00
23:10:00
23:20:00
23:30:00
23:40:00
23:50:00
24:00:00

